id,happiness,sib_cat,sch_cat,siblings,sch_years
S0001,(1) Not too happy,(2) 2 or 3,(2) 12,3,12
S0002,(3) Very happy,(1) 0 or 1,(4) 17+,1,20
S0003,(2) Pretty happy,(3) 4 or 5,(3) 13-16,4,16
S0004,(2) Pretty happy,(3) 4 or 5,(4) 17+,5,18
S0005,(1) Not too happy,(2) 2 or 3,(1) < 12,2,8
S0006,(2) Pretty happy,(1) 0 or 1,(1) < 12,0,6
S0007,(2) Pretty happy,(3) 4 or 5,(4) 17+,4,17
S0008,(1) Not too happy,(4) 6 or 7,(3) 13-16,6,16
S0009,(2) Pretty happy,(2) 2 or 3,(3) 13-16,2,16
S0010,(2) Pretty happy,(2) 2 or 3,(1) < 12,2,10
S0011,(1) Not too happy,(2) 2 or 3,(4) 17+,2,20
S0012,(2) Pretty happy,(4) 6 or 7,(2) 12,7,12
S0013,(2) Pretty happy,(2) 2 or 3,(3) 13-16,3,14
S0014,(2) Pretty happy,(2) 2 or 3,(4) 17+,3,20
S0015,(2) Pretty happy,(3) 4 or 5,(3) 13-16,4,16
S0016,(2) Pretty happy,(3) 4 or 5,(4) 17+,4,17
S0017,(2) Pretty happy,(1) 0 or 1,(3) 13-16,0,16
S0018,(3) Very happy,(3) 4 or 5,(4) 17+,4,20
S0019,(1) Not too happy,(2) 2 or 3,(2) 12,3,12
S0020,(2) Pretty happy,(2) 2 or 3,(3) 13-16,2,16
S0021,(2) Pretty happy,(3) 4 or 5,(1) < 12,4,9
S0022,(1) Not too happy,(3) 4 or 5,(2) 12,4,12
S0023,(3) Very happy,(2) 2 or 3,(1) < 12,3,8
S0024,(2) Pretty happy,(2) 2 or 3,(3) 13-16,2,16
S0025,(1) Not too happy,(1) 0 or 1,(2) 12,1,12
S0026,(2) Pretty happy,(1) 0 or 1,(2) 12,1,12
S0027,(2) Pretty happy,(2) 2 or 3,(4) 17+,3,18
S0028,(2) Pretty happy,(3) 4 or 5,(2) 12,4,12
S0029,(1) Not too happy,(3) 4 or 5,(3) 13-16,4,16
S0030,(1) Not too happy,(2) 2 or 3,(3) 13-16,2,14
S0031,(2) Pretty happy,(3) 4 or 5,(3) 13-16,5,16
S0032,(3) Very happy,(3) 4 or 5,(4) 17+,5,18
S0033,(2) Pretty happy,(1) 0 or 1,(3) 13-16,0,16
S0034,(3) Very happy,(1) 0 or 1,(3) 13-16,1,16
S0035,(2) Pretty happy,(1) 0 or 1,(3) 13-16,0,16
S0036,(2) Pretty happy,(3) 4 or 5,(1) < 12,5,11
S0037,(2) Pretty happy,(1) 0 or 1,(3) 13-16,0,16
S0038,(1) Not too happy,(4) 6 or 7,(3) 13-16,7,16
S0039,(1) Not too happy,(2) 2 or 3,(3) 13-16,3,16
S0040,(2) Pretty happy,(1) 0 or 1,(3) 13-16,0,16
S0041,(2) Pretty happy,(1) 0 or 1,(4) 17+,1,20
S0042,(2) Pretty happy,(1) 0 or 1,(1) < 12,1,10
S0043,(1) Not too happy,(1) 0 or 1,(3) 13-16,1,16
S0044,(1) Not too happy,(1) 0 or 1,(2) 12,1,12
S0045,(1) Not too happy,(1) 0 or 1,(2) 12,1,12
S0046,(1) Not too happy,(3) 4 or 5,(4) 17+,4,22
S0047,(2) Pretty happy,(3) 4 or 5,(2) 12,4,12
S0048,(2) Pretty happy,(4) 6 or 7,(4) 17+,6,18
S0049,(2) Pretty happy,(2) 2 or 3,(3) 13-16,2,16
S0050,(1) Not too happy,(1) 0 or 1,(3) 13-16,1,13
S0051,(2) Pretty happy,(2) 2 or 3,(3) 13-16,2,16
S0052,(1) Not too happy,(2) 2 or 3,(3) 13-16,2,16
S0053,(1) Not too happy,(2) 2 or 3,(1) < 12,3,9
S0054,(2) Pretty happy,(3) 4 or 5,(2) 12,5,12
S0055,(2) Pretty happy,(2) 2 or 3,(3) 13-16,2,16
S0056,(2) Pretty happy,(2) 2 or 3,(2) 12,2,12
S0057,(3) Very happy,(3) 4 or 5,(1) < 12,5,6
S0058,(1) Not too happy,(3) 4 or 5,(1) < 12,5,9
S0059,(2) Pretty happy,(1) 0 or 1,(1) < 12,0,8
S0060,(1) Not too happy,(2) 2 or 3,(1) < 12,3,8
S0061,(1) Not too happy,(4) 6 or 7,(2) 12,6,12
S0062,(2) Pretty happy,(2) 2 or 3,(2) 12,2,12
S0063,(1) Not too happy,(2) 2 or 3,(3) 13-16,2,16
S0064,(2) Pretty happy,(4) 6 or 7,(4) 17+,7,18
S0065,(1) Not too happy,(3) 4 or 5,(1) < 12,4,8
S0066,(2) Pretty happy,(1) 0 or 1,(4) 17+,0,20
S0067,(2) Pretty happy,(2) 2 or 3,(4) 17+,2,22
S0068,(2) Pretty happy,(3) 4 or 5,(4) 17+,5,17
S0069,(3) Very happy,(1) 0 or 1,(2) 12,0,12
S0070,(1) Not too happy,(1) 0 or 1,(3) 13-16,1,13
S0071,(1) Not too happy,(2) 2 or 3,(4) 17+,2,22
S0072,(3) Very happy,(1) 0 or 1,(1) < 12,0,9
S0073,(1) Not too happy,(3) 4 or 5,(3) 13-16,4,14
S0074,(2) Pretty happy,(2) 2 or 3,(2) 12,2,12
S0075,(2) Pretty happy,(2) 2 or 3,(3) 13-16,3,16
S0076,(1) Not too happy,(1) 0 or 1,(3) 13-16,1,16
S0077,(2) Pretty happy,(1) 0 or 1,(4) 17+,1,18
S0078,(1) Not too happy,(1) 0 or 1,(4) 17+,1,17
S0079,(2) Pretty happy,(1) 0 or 1,(2) 12,0,12
S0080,(2) Pretty happy,(2) 2 or 3,(4) 17+,3,18
S0081,(1) Not too happy,(5) 8+,(3) 13-16,9,16
S0082,(1) Not too happy,(1) 0 or 1,(1) < 12,1,6
S0083,(3) Very happy,(4) 6 or 7,(3) 13-16,6,13
S0084,(2) Pretty happy,(3) 4 or 5,(4) 17+,4,17
S0085,(1) Not too happy,(2) 2 or 3,(2) 12,2,12
S0086,(3) Very happy,(1) 0 or 1,(4) 17+,0,17
S0087,(2) Pretty happy,(3) 4 or 5,(3) 13-16,4,14
S0088,(3) Very happy,(2) 2 or 3,(1) < 12,2,8
S0089,(3) Very happy,(2) 2 or 3,(1) < 12,3,9
S0090,(2) Pretty happy,(3) 4 or 5,(4) 17+,4,20
S0091,(1) Not too happy,(3) 4 or 5,(4) 17+,4,17
S0092,(2) Pretty happy,(2) 2 or 3,(1) < 12,2,8
S0093,(1) Not too happy,(1) 0 or 1,(1) < 12,0,6
S0094,(2) Pretty happy,(3) 4 or 5,(1) < 12,4,3
S0095,(1) Not too happy,(3) 4 or 5,(1) < 12,4,8
S0096,(2) Pretty happy,(1) 0 or 1,(3) 13-16,0,16
S0097,(2) Pretty happy,(1) 0 or 1,(3) 13-16,0,14
S0098,(2) Pretty happy,(2) 2 or 3,(3) 13-16,3,16
S0099,(2) Pretty happy,(4) 6 or 7,(1) < 12,6,5
S0100,(3) Very happy,(1) 0 or 1,(1) < 12,1,9
S0101,(3) Very happy,(1) 0 or 1,(3) 13-16,0,16
S0102,(3) Very happy,(3) 4 or 5,(1) < 12,4,9
S0103,(2) Pretty happy,(1) 0 or 1,(4) 17+,0,20
S0104,(2) Pretty happy,(3) 4 or 5,(1) < 12,4,9
S0105,(1) Not too happy,(1) 0 or 1,(1) < 12,1,8
S0106,(3) Very happy,(1) 0 or 1,(2) 12,0,12
S0107,(1) Not too happy,(1) 0 or 1,(4) 17+,1,20
S0108,(1) Not too happy,(2) 2 or 3,(2) 12,2,12
S0109,(2) Pretty happy,(2) 2 or 3,(1) < 12,2,6
S0110,(2) Pretty happy,(2) 2 or 3,(3) 13-16,2,16
S0111,(2) Pretty happy,(2) 2 or 3,(1) < 12,3,6
S0112,(1) Not too happy,(4) 6 or 7,(3) 13-16,7,13
S0113,(2) Pretty happy,(3) 4 or 5,(1) < 12,4,9
S0114,(1) Not too happy,(1) 0 or 1,(4) 17+,1,20
S0115,(1) Not too happy,(2) 2 or 3,(1) < 12,2,9
S0116,(2) Pretty happy,(2) 2 or 3,(1) < 12,2,6
S0117,(2) Pretty happy,(4) 6 or 7,(4) 17+,7,20
S0118,(2) Pretty happy,(2) 2 or 3,(3) 13-16,2,16
S0119,(1) Not too happy,(2) 2 or 3,(3) 13-16,2,16
S0120,(2) Pretty happy,(3) 4 or 5,(3) 13-16,4,16
S0121,(1) Not too happy,(3) 4 or 5,(2) 12,5,12
S0122,(1) Not too happy,(1) 0 or 1,(4) 17+,1,18
S0123,(2) Pretty happy,(5) 8+,(2) 12,8,12
S0124,(1) Not too happy,(2) 2 or 3,(2) 12,2,12
S0125,(2) Pretty happy,(3) 4 or 5,(4) 17+,4,18
S0126,(2) Pretty happy,(3) 4 or 5,(4) 17+,5,20
S0127,(1) Not too happy,(2) 2 or 3,(4) 17+,3,20
S0128,(1) Not too happy,(2) 2 or 3,(4) 17+,2,18
S0129,(1) Not too happy,(3) 4 or 5,(4) 17+,5,17
S0130,(2) Pretty happy,(5) 8+,(1) < 12,8,8
S0131,(2) Pretty happy,(2) 2 or 3,(4) 17+,2,18
S0132,(2) Pretty happy,(2) 2 or 3,(1) < 12,2,11
S0133,(2) Pretty happy,(3) 4 or 5,(3) 13-16,4,16
S0134,(2) Pretty happy,(3) 4 or 5,(3) 13-16,4,16
S0135,(3) Very happy,(3) 4 or 5,(4) 17+,4,17
S0136,(3) Very happy,(2) 2 or 3,(1) < 12,2,9
S0137,(2) Pretty happy,(2) 2 or 3,(1) < 12,3,10
S0138,(1) Not too happy,(2) 2 or 3,(1) < 12,2,9
S0139,(1) Not too happy,(2) 2 or 3,(3) 13-16,2,16
S0140,(1) Not too happy,(1) 0 or 1,(2) 12,1,12
S0141,(3) Very happy,(2) 2 or 3,(1) < 12,3,6
S0142,(1) Not too happy,(2) 2 or 3,(3) 13-16,3,14
S0143,(2) Pretty happy,(2) 2 or 3,(4) 17+,3,20
S0144,(2) Pretty happy,(2) 2 or 3,(3) 13-16,2,16
S0145,(2) Pretty happy,(2) 2 or 3,(4) 17+,2,20
S0146,(2) Pretty happy,(2) 2 or 3,(3) 13-16,3,15
S0147,(2) Pretty happy,(4) 6 or 7,(2) 12,6,12
S0148,(2) Pretty happy,(2) 2 or 3,(3) 13-16,3,16
S0149,(2) Pretty happy,(2) 2 or 3,(1) < 12,3,9
S0150,(3) Very happy,(2) 2 or 3,(1) < 12,3,4
S0151,(1) Not too happy,(2) 2 or 3,(2) 12,2,12
S0152,(1) Not too happy,(2) 2 or 3,(1) < 12,2,9
S0153,(1) Not too happy,(2) 2 or 3,(3) 13-16,2,16
S0154,(2) Pretty happy,(1) 0 or 1,(3) 13-16,1,14
S0155,(2) Pretty happy,(1) 0 or 1,(2) 12,1,12
S0156,(1) Not too happy,(1) 0 or 1,(1) < 12,0,6
S0157,(1) Not too happy,(3) 4 or 5,(2) 12,4,12
S0158,(2) Pretty happy,(3) 4 or 5,(3) 13-16,4,14
S0159,(2) Pretty happy,(2) 2 or 3,(3) 13-16,2,16
S0160,(2) Pretty happy,(1) 0 or 1,(4) 17+,0,20
S0161,(2) Pretty happy,(2) 2 or 3,(4) 17+,2,18
S0162,(1) Not too happy,(2) 2 or 3,(3) 13-16,3,16
S0163,(2) Pretty happy,(1) 0 or 1,(3) 13-16,1,16
S0164,(1) Not too happy,(1) 0 or 1,(4) 17+,1,20
S0165,(1) Not too happy,(3) 4 or 5,(4) 17+,4,18
S0166,(2) Pretty happy,(1) 0 or 1,(4) 17+,0,20
S0167,(3) Very happy,(4) 6 or 7,(4) 17+,6,17
S0168,(2) Pretty happy,(3) 4 or 5,(3) 13-16,4,16
S0169,(1) Not too happy,(4) 6 or 7,(1) < 12,7,9
S0170,(3) Very happy,(3) 4 or 5,(2) 12,4,12
S0171,(1) Not too happy,(4) 6 or 7,(4) 17+,7,17
S0172,(2) Pretty happy,(2) 2 or 3,(3) 13-16,2,16
S0173,(2) Pretty happy,(4) 6 or 7,(1) < 12,6,6
S0174,(2) Pretty happy,(3) 4 or 5,(4) 17+,5,20
S0175,(2) Pretty happy,(1) 0 or 1,(4) 17+,0,22
S0176,(1) Not too happy,(2) 2 or 3,(3) 13-16,2,14
S0177,(2) Pretty happy,(2) 2 or 3,(2) 12,2,12
S0178,(1) Not too happy,(4) 6 or 7,(3) 13-16,6,16
S0179,(1) Not too happy,(3) 4 or 5,(1) < 12,4,9
S0180,(3) Very happy,(1) 0 or 1,(2) 12,1,12
S0181,(1) Not too happy,(1) 0 or 1,(2) 12,1,12
S0182,(1) Not too happy,(3) 4 or 5,(4) 17+,4,17
S0183,(2) Pretty happy,(3) 4 or 5,(3) 13-16,4,14
S0184,(3) Very happy,(2) 2 or 3,(1) < 12,2,3
S0185,(2) Pretty happy,(4) 6 or 7,(2) 12,6,12
S0186,(3) Very happy,(1) 0 or 1,(3) 13-16,0,14
S0187,(1) Not too happy,(2) 2 or 3,(3) 13-16,2,16
S0188,(1) Not too happy,(3) 4 or 5,(4) 17+,5,17
S0189,(2) Pretty happy,(2) 2 or 3,(2) 12,2,12
S0190,(2) Pretty happy,(1) 0 or 1,(2) 12,0,12
S0191,(1) Not too happy,(4) 6 or 7,(1) < 12,6,9
S0192,(3) Very happy,(3) 4 or 5,(4) 17+,4,20
S0193,(2) Pretty happy,(1) 0 or 1,(3) 13-16,0,16
S0194,(1) Not too happy,(2) 2 or 3,(1) < 12,2,8
S0195,(1) Not too happy,(3) 4 or 5,(4) 17+,4,18
S0196,(2) Pretty happy,(2) 2 or 3,(3) 13-16,2,14
S0197,(1) Not too happy,(2) 2 or 3,(2) 12,2,12
S0198,(2) Pretty happy,(3) 4 or 5,(4) 17+,4,22
S0199,(1) Not too happy,(1) 0 or 1,(3) 13-16,1,16
S0200,(2) Pretty happy,(3) 4 or 5,(3) 13-16,4,14
S0201,(1) Not too happy,(3) 4 or 5,(2) 12,4,12
S0202,(2) Pretty happy,(5) 8+,(1) < 12,10,9
S0203,(2) Pretty happy,(1) 0 or 1,(4) 17+,0,20
S0204,(1) Not too happy,(3) 4 or 5,(4) 17+,5,18
S0205,(2) Pretty happy,(2) 2 or 3,(4) 17+,2,18
S0206,(2) Pretty happy,(2) 2 or 3,(3) 13-16,2,16
S0207,(2) Pretty happy,(2) 2 or 3,(1) < 12,2,9
S0208,(1) Not too happy,(3) 4 or 5,(2) 12,4,12
S0209,(2) Pretty happy,(2) 2 or 3,(4) 17+,2,17
S0210,(2) Pretty happy,(1) 0 or 1,(3) 13-16,0,14
S0211,(1) Not too happy,(1) 0 or 1,(2) 12,1,12
S0212,(2) Pretty happy,(2) 2 or 3,(1) < 12,2,9
S0213,(2) Pretty happy,(3) 4 or 5,(4) 17+,4,20
S0214,(1) Not too happy,(3) 4 or 5,(3) 13-16,4,16
S0215,(2) Pretty happy,(2) 2 or 3,(2) 12,2,12
S0216,(2) Pretty happy,(3) 4 or 5,(3) 13-16,4,16
S0217,(2) Pretty happy,(4) 6 or 7,(1) < 12,6,6
S0218,(2) Pretty happy,(1) 0 or 1,(4) 17+,0,17
S0219,(2) Pretty happy,(2) 2 or 3,(4) 17+,2,22
S0220,(1) Not too happy,(1) 0 or 1,(3) 13-16,1,16
S0221,(2) Pretty happy,(3) 4 or 5,(2) 12,5,12
S0222,(2) Pretty happy,(1) 0 or 1,(2) 12,1,12
S0223,(1) Not too happy,(3) 4 or 5,(4) 17+,4,18
S0224,(3) Very happy,(2) 2 or 3,(1) < 12,3,9
S0225,(2) Pretty happy,(2) 2 or 3,(3) 13-16,2,16
S0226,(1) Not too happy,(2) 2 or 3,(4) 17+,2,22
S0227,(1) Not too happy,(2) 2 or 3,(1) < 12,2,9
S0228,(2) Pretty happy,(2) 2 or 3,(3) 13-16,3,15
S0229,(2) Pretty happy,(2) 2 or 3,(2) 12,2,12
S0230,(2) Pretty happy,(2) 2 or 3,(3) 13-16,2,16
S0231,(2) Pretty happy,(1) 0 or 1,(3) 13-16,1,14
S0232,(2) Pretty happy,(3) 4 or 5,(3) 13-16,4,14
S0233,(2) Pretty happy,(2) 2 or 3,(1) < 12,2,9
S0234,(2) Pretty happy,(2) 2 or 3,(1) < 12,3,5
S0235,(2) Pretty happy,(5) 8+,(1) < 12,8,9
S0236,(2) Pretty happy,(3) 4 or 5,(1) < 12,4,6
S0237,(2) Pretty happy,(1) 0 or 1,(4) 17+,1,17
S0238,(2) Pretty happy,(2) 2 or 3,(3) 13-16,3,16
S0239,(1) Not too happy,(1) 0 or 1,(2) 12,1,12
S0240,(1) Not too happy,(4) 6 or 7,(1) < 12,7,8
S0241,(1) Not too happy,(1) 0 or 1,(3) 13-16,0,16
S0242,(2) Pretty happy,(1) 0 or 1,(4) 17+,1,20
S0243,(2) Pretty happy,(1) 0 or 1,(4) 17+,0,22
S0244,(1) Not too happy,(2) 2 or 3,(4) 17+,3,20
S0245,(2) Pretty happy,(2) 2 or 3,(3) 13-16,2,16
S0246,(2) Pretty happy,(1) 0 or 1,(2) 12,0,12
S0247,(2) Pretty happy,(4) 6 or 7,(3) 13-16,6,16
S0248,(1) Not too happy,(3) 4 or 5,(1) < 12,4,9
S0249,(2) Pretty happy,(1) 0 or 1,(3) 13-16,1,14
S0250,(2) Pretty happy,(3) 4 or 5,(3) 13-16,4,16
S0251,(2) Pretty happy,(2) 2 or 3,(2) 12,2,12
S0252,(3) Very happy,(3) 4 or 5,(3) 13-16,4,14
S0253,(1) Not too happy,(5) 8+,(4) 17+,8,18
S0254,(1) Not too happy,(1) 0 or 1,(1) < 12,0,9
S0255,(2) Pretty happy,(4) 6 or 7,(1) < 12,6,8
S0256,(3) Very happy,(2) 2 or 3,(3) 13-16,2,16
S0257,(1) Not too happy,(1) 0 or 1,(4) 17+,0,17
S0258,(2) Pretty happy,(2) 2 or 3,(4) 17+,2,17
S0259,(2) Pretty happy,(2) 2 or 3,(1) < 12,2,6
S0260,(1) Not too happy,(1) 0 or 1,(1) < 12,1,10
S0261,(3) Very happy,(4) 6 or 7,(2) 12,6,12
S0262,(2) Pretty happy,(3) 4 or 5,(2) 12,5,12
S0263,(2) Pretty happy,(3) 4 or 5,(3) 13-16,4,13
S0264,(3) Very happy,(2) 2 or 3,(1) < 12,3,6
S0265,(1) Not too happy,(1) 0 or 1,(3) 13-16,1,16
S0266,(2) Pretty happy,(1) 0 or 1,(3) 13-16,0,16
S0267,(2) Pretty happy,(1) 0 or 1,(1) < 12,1,9
S0268,(3) Very happy,(3) 4 or 5,(1) < 12,4,9
S0269,(2) Pretty happy,(3) 4 or 5,(1) < 12,4,8
S0270,(2) Pretty happy,(4) 6 or 7,(1) < 12,6,8
S0271,(2) Pretty happy,(4) 6 or 7,(2) 12,6,12
S0272,(2) Pretty happy,(3) 4 or 5,(4) 17+,4,20
S0273,(2) Pretty happy,(4) 6 or 7,(1) < 12,6,9
S0274,(2) Pretty happy,(3) 4 or 5,(3) 13-16,4,16
S0275,(2) Pretty happy,(1) 0 or 1,(4) 17+,1,20
S0276,(2) Pretty happy,(3) 4 or 5,(2) 12,4,12
S0277,(3) Very happy,(3) 4 or 5,(3) 13-16,4,16
S0278,(1) Not too happy,(3) 4 or 5,(1) < 12,4,9
S0279,(1) Not too happy,(3) 4 or 5,(3) 13-16,5,14
S0280,(2) Pretty happy,(1) 0 or 1,(4) 17+,1,20
S0281,(1) Not too happy,(4) 6 or 7,(4) 17+,6,20
S0282,(2) Pretty happy,(2) 2 or 3,(1) < 12,2,9
S0283,(2) Pretty happy,(4) 6 or 7,(2) 12,7,12
S0284,(2) Pretty happy,(2) 2 or 3,(4) 17+,3,20
S0285,(1) Not too happy,(4) 6 or 7,(3) 13-16,7,16
S0286,(2) Pretty happy,(2) 2 or 3,(3) 13-16,2,16
S0287,(1) Not too happy,(3) 4 or 5,(2) 12,4,12
S0288,(3) Very happy,(1) 0 or 1,(3) 13-16,0,16
S0289,(2) Pretty happy,(3) 4 or 5,(1) < 12,5,6
S0290,(2) Pretty happy,(2) 2 or 3,(2) 12,2,12
S0291,(2) Pretty happy,(3) 4 or 5,(1) < 12,4,9
S0292,(1) Not too happy,(4) 6 or 7,(1) < 12,6,9
S0293,(2) Pretty happy,(2) 2 or 3,(1) < 12,2,8
S0294,(1) Not too happy,(2) 2 or 3,(3) 13-16,2,16
S0295,(1) Not too happy,(3) 4 or 5,(1) < 12,5,6
S0296,(1) Not too happy,(4) 6 or 7,(1) < 12,7,6
S0297,(2) Pretty happy,(3) 4 or 5,(4) 17+,5,20
S0298,(2) Pretty happy,(2) 2 or 3,(1) < 12,2,8
S0299,(1) Not too happy,(1) 0 or 1,(3) 13-16,1,14
S0300,(3) Very happy,(1) 0 or 1,(3) 13-16,0,14
S0301,(2) Pretty happy,(5) 8+,(2) 12,8,12
S0302,(1) Not too happy,(2) 2 or 3,(3) 13-16,2,16
S0303,(2) Pretty happy,(3) 4 or 5,(4) 17+,5,18
S0304,(2) Pretty happy,(1) 0 or 1,(3) 13-16,1,16
S0305,(1) Not too happy,(2) 2 or 3,(1) < 12,2,9
S0306,(1) Not too happy,(3) 4 or 5,(3) 13-16,4,16
S0307,(1) Not too happy,(2) 2 or 3,(2) 12,2,12
S0308,(1) Not too happy,(3) 4 or 5,(3) 13-16,4,16
S0309,(2) Pretty happy,(3) 4 or 5,(4) 17+,4,20
S0310,(2) Pretty happy,(5) 8+,(2) 12,9,12
S0311,(2) Pretty happy,(2) 2 or 3,(2) 12,3,12
S0312,(2) Pretty happy,(2) 2 or 3,(3) 13-16,2,14
S0313,(1) Not too happy,(2) 2 or 3,(2) 12,3,12
S0314,(1) Not too happy,(2) 2 or 3,(2) 12,2,12
S0315,(2) Pretty happy,(2) 2 or 3,(1) < 12,2,8
S0316,(2) Pretty happy,(1) 0 or 1,(3) 13-16,0,16
S0317,(2) Pretty happy,(4) 6 or 7,(1) < 12,6,9
S0318,(2) Pretty happy,(2) 2 or 3,(2) 12,2,12
S0319,(2) Pretty happy,(2) 2 or 3,(3) 13-16,2,16
S0320,(2) Pretty happy,(1) 0 or 1,(1) < 12,1,6
S0321,(2) Pretty happy,(3) 4 or 5,(1) < 12,4,9
S0322,(2) Pretty happy,(1) 0 or 1,(2) 12,0,12
S0323,(2) Pretty happy,(2) 2 or 3,(2) 12,2,12
S0324,(1) Not too happy,(2) 2 or 3,(4) 17+,2,20
S0325,(1) Not too happy,(2) 2 or 3,(2) 12,3,12
S0326,(1) Not too happy,(3) 4 or 5,(1) < 12,4,9
S0327,(3) Very happy,(4) 6 or 7,(3) 13-16,6,16
S0328,(2) Pretty happy,(1) 0 or 1,(3) 13-16,1,14
S0329,(1) Not too happy,(2) 2 or 3,(2) 12,2,12
S0330,(1) Not too happy,(2) 2 or 3,(4) 17+,2,18
S0331,(3) Very happy,(1) 0 or 1,(4) 17+,1,20
S0332,(1) Not too happy,(2) 2 or 3,(4) 17+,2,17
S0333,(1) Not too happy,(5) 8+,(1) < 12,9,6
S0334,(2) Pretty happy,(2) 2 or 3,(3) 13-16,2,16
S0335,(1) Not too happy,(2) 2 or 3,(1) < 12,3,6
S0336,(1) Not too happy,(3) 4 or 5,(4) 17+,4,21
S0337,(2) Pretty happy,(3) 4 or 5,(2) 12,4,12
S0338,(2) Pretty happy,(1) 0 or 1,(4) 17+,1,17
S0339,(2) Pretty happy,(2) 2 or 3,(1) < 12,2,6
S0340,(2) Pretty happy,(1) 0 or 1,(3) 13-16,1,16
S0341,(2) Pretty happy,(4) 6 or 7,(4) 17+,6,17
S0342,(2) Pretty happy,(1) 0 or 1,(4) 17+,0,18
S0343,(1) Not too happy,(3) 4 or 5,(4) 17+,4,18
S0344,(2) Pretty happy,(1) 0 or 1,(1) < 12,1,8
S0345,(2) Pretty happy,(3) 4 or 5,(4) 17+,4,20
S0346,(3) Very happy,(2) 2 or 3,(1) < 12,3,9
S0347,(2) Pretty happy,(4) 6 or 7,(2) 12,6,12
S0348,(1) Not too happy,(4) 6 or 7,(1) < 12,6,10
S0349,(2) Pretty happy,(4) 6 or 7,(1) < 12,6,6
S0350,(1) Not too happy,(2) 2 or 3,(3) 13-16,2,16
S0351,(1) Not too happy,(4) 6 or 7,(2) 12,6,12
S0352,(2) Pretty happy,(2) 2 or 3,(2) 12,2,12
S0353,(1) Not too happy,(3) 4 or 5,(3) 13-16,5,14
S0354,(2) Pretty happy,(2) 2 or 3,(3) 13-16,2,16
S0355,(2) Pretty happy,(3) 4 or 5,(3) 13-16,4,16
S0356,(2) Pretty happy,(1) 0 or 1,(2) 12,0,12
S0357,(3) Very happy,(3) 4 or 5,(4) 17+,4,20
S0358,(2) Pretty happy,(2) 2 or 3,(2) 12,2,12
S0359,(2) Pretty happy,(3) 4 or 5,(4) 17+,4,17
S0360,(2) Pretty happy,(1) 0 or 1,(3) 13-16,1,16
S0361,(1) Not too happy,(3) 4 or 5,(4) 17+,4,20
S0362,(2) Pretty happy,(3) 4 or 5,(3) 13-16,4,13
S0363,(2) Pretty happy,(3) 4 or 5,(4) 17+,4,20
S0364,(3) Very happy,(2) 2 or 3,(1) < 12,2,8
S0365,(2) Pretty happy,(1) 0 or 1,(2) 12,1,12
S0366,(1) Not too happy,(2) 2 or 3,(3) 13-16,3,16
S0367,(2) Pretty happy,(3) 4 or 5,(4) 17+,4,20
S0368,(2) Pretty happy,(2) 2 or 3,(3) 13-16,2,16
S0369,(1) Not too happy,(1) 0 or 1,(2) 12,0,12
S0370,(2) Pretty happy,(1) 0 or 1,(1) < 12,1,9
S0371,(1) Not too happy,(3) 4 or 5,(4) 17+,4,20
S0372,(1) Not too happy,(1) 0 or 1,(4) 17+,1,18
S0373,(1) Not too happy,(2) 2 or 3,(3) 13-16,2,16
S0374,(1) Not too happy,(2) 2 or 3,(4) 17+,2,18
S0375,(2) Pretty happy,(1) 0 or 1,(3) 13-16,1,16
S0376,(2) Pretty happy,(1) 0 or 1,(1) < 12,1,9
S0377,(1) Not too happy,(2) 2 or 3,(1) < 12,3,9
S0378,(1) Not too happy,(4) 6 or 7,(2) 12,6,12
S0379,(2) Pretty happy,(3) 4 or 5,(4) 17+,5,18
S0380,(3) Very happy,(1) 0 or 1,(3) 13-16,1,16
S0381,(1) Not too happy,(2) 2 or 3,(1) < 12,2,8
S0382,(1) Not too happy,(1) 0 or 1,(3) 13-16,0,14
S0383,(1) Not too happy,(3) 4 or 5,(4) 17+,5,17
S0384,(2) Pretty happy,(1) 0 or 1,(4) 17+,0,20
S0385,(1) Not too happy,(3) 4 or 5,(1) < 12,4,8
S0386,(2) Pretty happy,(4) 6 or 7,(1) < 12,6,9
S0387,(2) Pretty happy,(2) 2 or 3,(2) 12,2,12
S0388,(2) Pretty happy,(1) 0 or 1,(2) 12,1,12
S0389,(1) Not too happy,(2) 2 or 3,(3) 13-16,3,16
S0390,(1) Not too happy,(1) 0 or 1,(3) 13-16,1,16
S0391,(2) Pretty happy,(2) 2 or 3,(2) 12,2,12
S0392,(3) Very happy,(1) 0 or 1,(1) < 12,0,6
S0393,(3) Very happy,(2) 2 or 3,(4) 17+,2,19
S0394,(2) Pretty happy,(1) 0 or 1,(4) 17+,1,17
S0395,(2) Pretty happy,(4) 6 or 7,(2) 12,6,12
S0396,(3) Very happy,(2) 2 or 3,(1) < 12,2,9
S0397,(2) Pretty happy,(3) 4 or 5,(4) 17+,4,17
S0398,(1) Not too happy,(1) 0 or 1,(2) 12,1,12
S0399,(2) Pretty happy,(1) 0 or 1,(4) 17+,0,20
S0400,(2) Pretty happy,(2) 2 or 3,(2) 12,2,12
S0401,(1) Not too happy,(2) 2 or 3,(1) < 12,2,8
S0402,(1) Not too happy,(3) 4 or 5,(4) 17+,4,19
S0403,(1) Not too happy,(4) 6 or 7,(4) 17+,6,20
S0404,(1) Not too happy,(2) 2 or 3,(1) < 12,2,10
S0405,(2) Pretty happy,(1) 0 or 1,(3) 13-16,0,16
S0406,(3) Very happy,(2) 2 or 3,(1) < 12,2,6
S0407,(2) Pretty happy,(1) 0 or 1,(2) 12,0,12
S0408,(1) Not too happy,(4) 6 or 7,(4) 17+,6,17
S0409,(2) Pretty happy,(4) 6 or 7,(4) 17+,7,20
S0410,(1) Not too happy,(2) 2 or 3,(4) 17+,2,18
S0411,(2) Pretty happy,(1) 0 or 1,(3) 13-16,0,14
S0412,(2) Pretty happy,(1) 0 or 1,(3) 13-16,0,16
S0413,(2) Pretty happy,(3) 4 or 5,(3) 13-16,4,16
S0414,(2) Pretty happy,(3) 4 or 5,(2) 12,4,12
S0415,(2) Pretty happy,(4) 6 or 7,(1) < 12,6,9
S0416,(2) Pretty happy,(1) 0 or 1,(4) 17+,0,17
S0417,(3) Very happy,(1) 0 or 1,(3) 13-16,0,16
S0418,(3) Very happy,(1) 0 or 1,(2) 12,0,12
S0419,(2) Pretty happy,(2) 2 or 3,(2) 12,2,12
S0420,(1) Not too happy,(3) 4 or 5,(3) 13-16,4,16
S0421,(2) Pretty happy,(3) 4 or 5,(3) 13-16,4,16
S0422,(1) Not too happy,(2) 2 or 3,(1) < 12,2,8
S0423,(1) Not too happy,(4) 6 or 7,(1) < 12,6,9
S0424,(1) Not too happy,(3) 4 or 5,(3) 13-16,5,16
S0425,(1) Not too happy,(2) 2 or 3,(1) < 12,3,9
S0426,(2) Pretty happy,(3) 4 or 5,(1) < 12,5,6
S0427,(3) Very happy,(1) 0 or 1,(3) 13-16,1,14
S0428,(2) Pretty happy,(1) 0 or 1,(1) < 12,1,6
S0429,(1) Not too happy,(3) 4 or 5,(4) 17+,4,20
S0430,(1) Not too happy,(3) 4 or 5,(4) 17+,4,18
S0431,(1) Not too happy,(3) 4 or 5,(3) 13-16,5,14
S0432,(1) Not too happy,(2) 2 or 3,(4) 17+,2,17
S0433,(1) Not too happy,(2) 2 or 3,(4) 17+,2,20
S0434,(2) Pretty happy,(3) 4 or 5,(4) 17+,5,18
S0435,(1) Not too happy,(5) 8+,(1) < 12,8,6
S0436,(2) Pretty happy,(3) 4 or 5,(1) < 12,5,9
S0437,(1) Not too happy,(3) 4 or 5,(2) 12,4,12
S0438,(1) Not too happy,(5) 8+,(1) < 12,9,6
S0439,(2) Pretty happy,(2) 2 or 3,(2) 12,2,12
S0440,(2) Pretty happy,(3) 4 or 5,(2) 12,5,12
S0441,(1) Not too happy,(3) 4 or 5,(4) 17+,5,20
S0442,(2) Pretty happy,(1) 0 or 1,(2) 12,0,12
S0443,(2) Pretty happy,(4) 6 or 7,(2) 12,6,12
S0444,(2) Pretty happy,(1) 0 or 1,(4) 17+,0,20
S0445,(1) Not too happy,(1) 0 or 1,(4) 17+,1,17
S0446,(2) Pretty happy,(1) 0 or 1,(2) 12,0,12
S0447,(2) Pretty happy,(3) 4 or 5,(2) 12,4,12
S0448,(3) Very happy,(1) 0 or 1,(3) 13-16,0,13
S0449,(1) Not too happy,(3) 4 or 5,(1) < 12,4,9
S0450,(1) Not too happy,(3) 4 or 5,(4) 17+,4,20
S0451,(1) Not too happy,(3) 4 or 5,(3) 13-16,5,16
S0452,(1) Not too happy,(3) 4 or 5,(4) 17+,4,17
S0453,(3) Very happy,(2) 2 or 3,(3) 13-16,2,16
S0454,(2) Pretty happy,(3) 4 or 5,(1) < 12,4,8
S0455,(2) Pretty happy,(4) 6 or 7,(2) 12,7,12
S0456,(1) Not too happy,(4) 6 or 7,(4) 17+,7,20
S0457,(1) Not too happy,(4) 6 or 7,(4) 17+,7,20
S0458,(3) Very happy,(1) 0 or 1,(4) 17+,0,18
S0459,(2) Pretty happy,(3) 4 or 5,(1) < 12,4,9
S0460,(2) Pretty happy,(3) 4 or 5,(1) < 12,4,6
S0461,(2) Pretty happy,(3) 4 or 5,(3) 13-16,5,14
S0462,(1) Not too happy,(2) 2 or 3,(3) 13-16,2,13
S0463,(1) Not too happy,(1) 0 or 1,(4) 17+,0,17
S0464,(1) Not too happy,(4) 6 or 7,(2) 12,7,12
S0465,(1) Not too happy,(2) 2 or 3,(3) 13-16,2,16
S0466,(2) Pretty happy,(2) 2 or 3,(4) 17+,2,20
S0467,(2) Pretty happy,(2) 2 or 3,(3) 13-16,2,16
S0468,(2) Pretty happy,(3) 4 or 5,(3) 13-16,5,16
S0469,(3) Very happy,(1) 0 or 1,(2) 12,1,12
S0470,(2) Pretty happy,(2) 2 or 3,(3) 13-16,2,16
S0471,(2) Pretty happy,(1) 0 or 1,(3) 13-16,0,14
S0472,(2) Pretty happy,(3) 4 or 5,(4) 17+,4,18
S0473,(3) Very happy,(4) 6 or 7,(1) < 12,6,9
S0474,(1) Not too happy,(2) 2 or 3,(1) < 12,2,6
S0475,(2) Pretty happy,(5) 8+,(1) < 12,10,9
S0476,(1) Not too happy,(1) 0 or 1,(3) 13-16,0,13
S0477,(3) Very happy,(2) 2 or 3,(1) < 12,2,6
S0478,(1) Not too happy,(2) 2 or 3,(4) 17+,2,22
S0479,(2) Pretty happy,(2) 2 or 3,(1) < 12,2,9
S0480,(1) Not too happy,(5) 8+,(2) 12,8,12
S0481,(2) Pretty happy,(5) 8+,(2) 12,8,12
S0482,(3) Very happy,(2) 2 or 3,(2) 12,2,12
S0483,(3) Very happy,(2) 2 or 3,(1) < 12,2,8
S0484,(1) Not too happy,(2) 2 or 3,(3) 13-16,3,16
S0485,(2) Pretty happy,(1) 0 or 1,(1) < 12,0,9
S0486,(2) Pretty happy,(1) 0 or 1,(2) 12,0,12
S0487,(1) Not too happy,(1) 0 or 1,(2) 12,0,12
S0488,(2) Pretty happy,(1) 0 or 1,(3) 13-16,1,16
S0489,(1) Not too happy,(5) 8+,(1) < 12,8,9
S0490,(2) Pretty happy,(1) 0 or 1,(2) 12,0,12
S0491,(2) Pretty happy,(2) 2 or 3,(4) 17+,2,17
S0492,(2) Pretty happy,(2) 2 or 3,(4) 17+,2,17
S0493,(2) Pretty happy,(3) 4 or 5,(4) 17+,5,18
S0494,(2) Pretty happy,(3) 4 or 5,(4) 17+,5,20
S0495,(2) Pretty happy,(2) 2 or 3,(1) < 12,2,6
S0496,(2) Pretty happy,(2) 2 or 3,(4) 17+,3,20
S0497,(2) Pretty happy,(1) 0 or 1,(4) 17+,0,20
S0498,(2) Pretty happy,(1) 0 or 1,(4) 17+,0,20
S0499,(2) Pretty happy,(3) 4 or 5,(2) 12,4,12
S0500,(2) Pretty happy,(2) 2 or 3,(4) 17+,2,17
S0501,(2) Pretty happy,(2) 2 or 3,(2) 12,2,12
S0502,(3) Very happy,(3) 4 or 5,(1) < 12,4,6
S0503,(3) Very happy,(1) 0 or 1,(2) 12,0,12
S0504,(2) Pretty happy,(3) 4 or 5,(1) < 12,4,9
S0505,(2) Pretty happy,(5) 8+,(1) < 12,8,8
S0506,(2) Pretty happy,(2) 2 or 3,(3) 13-16,3,16
S0507,(3) Very happy,(2) 2 or 3,(2) 12,2,12
S0508,(2) Pretty happy,(5) 8+,(1) < 12,9,6
S0509,(1) Not too happy,(3) 4 or 5,(4) 17+,4,20
S0510,(1) Not too happy,(5) 8+,(1) < 12,9,11
S0511,(2) Pretty happy,(3) 4 or 5,(1) < 12,4,6
S0512,(1) Not too happy,(2) 2 or 3,(4) 17+,2,20
S0513,(3) Very happy,(2) 2 or 3,(3) 13-16,2,16
S0514,(3) Very happy,(1) 0 or 1,(2) 12,1,12
S0515,(2) Pretty happy,(4) 6 or 7,(4) 17+,7,20
S0516,(1) Not too happy,(2) 2 or 3,(4) 17+,2,18
S0517,(2) Pretty happy,(1) 0 or 1,(4) 17+,1,20
S0518,(1) Not too happy,(3) 4 or 5,(2) 12,5,12
S0519,(1) Not too happy,(5) 8+,(1) < 12,8,9
S0520,(1) Not too happy,(2) 2 or 3,(1) < 12,2,8
S0521,(2) Pretty happy,(3) 4 or 5,(2) 12,4,12
S0522,(1) Not too happy,(3) 4 or 5,(1) < 12,4,6
S0523,(2) Pretty happy,(1) 0 or 1,(4) 17+,1,20
S0524,(2) Pretty happy,(1) 0 or 1,(2) 12,0,12
S0525,(3) Very happy,(4) 6 or 7,(3) 13-16,7,16
S0526,(2) Pretty happy,(4) 6 or 7,(1) < 12,6,8
S0527,(1) Not too happy,(3) 4 or 5,(4) 17+,5,18
S0528,(3) Very happy,(2) 2 or 3,(4) 17+,2,18
S0529,(2) Pretty happy,(1) 0 or 1,(4) 17+,1,17
S0530,(3) Very happy,(1) 0 or 1,(3) 13-16,0,13
S0531,(2) Pretty happy,(2) 2 or 3,(4) 17+,2,17
S0532,(2) Pretty happy,(1) 0 or 1,(4) 17+,0,20
S0533,(2) Pretty happy,(2) 2 or 3,(3) 13-16,2,16
S0534,(2) Pretty happy,(3) 4 or 5,(4) 17+,4,20
S0535,(2) Pretty happy,(2) 2 or 3,(4) 17+,2,18
S0536,(2) Pretty happy,(2) 2 or 3,(2) 12,2,12
S0537,(2) Pretty happy,(1) 0 or 1,(4) 17+,0,17
S0538,(2) Pretty happy,(3) 4 or 5,(3) 13-16,4,14
S0539,(1) Not too happy,(2) 2 or 3,(4) 17+,2,18
S0540,(2) Pretty happy,(5) 8+,(3) 13-16,9,16
S0541,(2) Pretty happy,(2) 2 or 3,(4) 17+,2,18
S0542,(2) Pretty happy,(2) 2 or 3,(1) < 12,3,6
S0543,(2) Pretty happy,(3) 4 or 5,(3) 13-16,4,14
S0544,(1) Not too happy,(3) 4 or 5,(2) 12,4,12
S0545,(1) Not too happy,(4) 6 or 7,(4) 17+,6,20
S0546,(1) Not too happy,(3) 4 or 5,(1) < 12,5,9
S0547,(1) Not too happy,(1) 0 or 1,(1) < 12,0,9
S0548,(1) Not too happy,(4) 6 or 7,(4) 17+,6,18
S0549,(2) Pretty happy,(2) 2 or 3,(1) < 12,2,8
S0550,(2) Pretty happy,(1) 0 or 1,(4) 17+,0,18
S0551,(2) Pretty happy,(3) 4 or 5,(1) < 12,4,9
S0552,(1) Not too happy,(2) 2 or 3,(1) < 12,3,6
S0553,(2) Pretty happy,(2) 2 or 3,(4) 17+,3,20
S0554,(1) Not too happy,(4) 6 or 7,(1) < 12,6,6
S0555,(2) Pretty happy,(2) 2 or 3,(3) 13-16,3,16
S0556,(2) Pretty happy,(2) 2 or 3,(3) 13-16,2,14
S0557,(1) Not too happy,(1) 0 or 1,(4) 17+,1,17
S0558,(2) Pretty happy,(3) 4 or 5,(4) 17+,4,20
S0559,(2) Pretty happy,(3) 4 or 5,(4) 17+,4,18
S0560,(1) Not too happy,(2) 2 or 3,(3) 13-16,2,14
S0561,(2) Pretty happy,(1) 0 or 1,(3) 13-16,0,16
S0562,(1) Not too happy,(1) 0 or 1,(1) < 12,0,9
S0563,(2) Pretty happy,(2) 2 or 3,(3) 13-16,3,16
S0564,(3) Very happy,(1) 0 or 1,(3) 13-16,0,13
S0565,(1) Not too happy,(3) 4 or 5,(4) 17+,4,20
S0566,(1) Not too happy,(2) 2 or 3,(3) 13-16,2,16
S0567,(1) Not too happy,(2) 2 or 3,(3) 13-16,3,16
S0568,(1) Not too happy,(4) 6 or 7,(1) < 12,7,8
S0569,(2) Pretty happy,(2) 2 or 3,(2) 12,2,12
S0570,(2) Pretty happy,(2) 2 or 3,(2) 12,2,12
S0571,(3) Very happy,(1) 0 or 1,(2) 12,1,12
S0572,(1) Not too happy,(3) 4 or 5,(3) 13-16,4,14
S0573,(3) Very happy,(3) 4 or 5,(1) < 12,4,6
S0574,(2) Pretty happy,(1) 0 or 1,(2) 12,1,12
S0575,(2) Pretty happy,(2) 2 or 3,(1) < 12,2,6
S0576,(1) Not too happy,(2) 2 or 3,(4) 17+,3,20
S0577,(1) Not too happy,(1) 0 or 1,(2) 12,1,12
S0578,(2) Pretty happy,(1) 0 or 1,(3) 13-16,0,16
S0579,(2) Pretty happy,(3) 4 or 5,(4) 17+,4,20
S0580,(2) Pretty happy,(4) 6 or 7,(2) 12,6,12
S0581,(2) Pretty happy,(3) 4 or 5,(3) 13-16,4,14
S0582,(2) Pretty happy,(3) 4 or 5,(3) 13-16,4,16
S0583,(2) Pretty happy,(1) 0 or 1,(2) 12,1,12
S0584,(3) Very happy,(4) 6 or 7,(2) 12,7,12
S0585,(2) Pretty happy,(2) 2 or 3,(3) 13-16,2,16
S0586,(2) Pretty happy,(2) 2 or 3,(1) < 12,2,9
S0587,(1) Not too happy,(3) 4 or 5,(3) 13-16,4,16
S0588,(2) Pretty happy,(2) 2 or 3,(3) 13-16,2,16
S0589,(2) Pretty happy,(5) 8+,(1) < 12,10,6
S0590,(3) Very happy,(2) 2 or 3,(1) < 12,2,8
S0591,(2) Pretty happy,(1) 0 or 1,(3) 13-16,0,16
S0592,(2) Pretty happy,(1) 0 or 1,(4) 17+,1,20
S0593,(1) Not too happy,(2) 2 or 3,(1) < 12,2,8
S0594,(2) Pretty happy,(1) 0 or 1,(4) 17+,0,17
S0595,(2) Pretty happy,(2) 2 or 3,(1) < 12,3,6
S0596,(1) Not too happy,(4) 6 or 7,(1) < 12,6,9
S0597,(2) Pretty happy,(1) 0 or 1,(3) 13-16,0,16
S0598,(2) Pretty happy,(1) 0 or 1,(3) 13-16,0,13
S0599,(2) Pretty happy,(5) 8+,(2) 12,8,12
S0600,(2) Pretty happy,(1) 0 or 1,(4) 17+,1,20
S0601,(1) Not too happy,(5) 8+,(1) < 12,8,6
S0602,(3) Very happy,(1) 0 or 1,(2) 12,0,12
S0603,(2) Pretty happy,(3) 4 or 5,(4) 17+,5,17
S0604,(2) Pretty happy,(2) 2 or 3,(3) 13-16,3,14
S0605,(2) Pretty happy,(4) 6 or 7,(1) < 12,6,10
S0606,(2) Pretty happy,(5) 8+,(4) 17+,10,20
S0607,(1) Not too happy,(2) 2 or 3,(3) 13-16,2,16
S0608,(1) Not too happy,(2) 2 or 3,(2) 12,2,12
S0609,(1) Not too happy,(4) 6 or 7,(2) 12,6,12
S0610,(1) Not too happy,(1) 0 or 1,(3) 13-16,0,16
S0611,(1) Not too happy,(2) 2 or 3,(4) 17+,2,18
S0612,(2) Pretty happy,(3) 4 or 5,(3) 13-16,4,16
S0613,(1) Not too happy,(5) 8+,(4) 17+,8,20
S0614,(1) Not too happy,(2) 2 or 3,(1) < 12,3,8
S0615,(1) Not too happy,(4) 6 or 7,(2) 12,7,12
S0616,(2) Pretty happy,(2) 2 or 3,(2) 12,3,12
S0617,(3) Very happy,(2) 2 or 3,(3) 13-16,2,16
S0618,(1) Not too happy,(3) 4 or 5,(2) 12,5,12
S0619,(2) Pretty happy,(1) 0 or 1,(2) 12,0,12
S0620,(2) Pretty happy,(1) 0 or 1,(4) 17+,0,17
S0621,(2) Pretty happy,(2) 2 or 3,(2) 12,3,12
S0622,(3) Very happy,(1) 0 or 1,(3) 13-16,1,14
S0623,(2) Pretty happy,(2) 2 or 3,(2) 12,2,12
S0624,(1) Not too happy,(2) 2 or 3,(4) 17+,2,18
S0625,(2) Pretty happy,(1) 0 or 1,(3) 13-16,0,16
S0626,(1) Not too happy,(2) 2 or 3,(2) 12,2,12
S0627,(1) Not too happy,(2) 2 or 3,(1) < 12,3,9
S0628,(1) Not too happy,(3) 4 or 5,(4) 17+,4,20
S0629,(2) Pretty happy,(3) 4 or 5,(4) 17+,4,22
S0630,(2) Pretty happy,(1) 0 or 1,(2) 12,1,12
S0631,(1) Not too happy,(1) 0 or 1,(2) 12,0,12
S0632,(2) Pretty happy,(2) 2 or 3,(2) 12,2,12
S0633,(2) Pretty happy,(2) 2 or 3,(4) 17+,2,17
S0634,(2) Pretty happy,(5) 8+,(1) < 12,9,6
S0635,(2) Pretty happy,(2) 2 or 3,(1) < 12,2,9
S0636,(1) Not too happy,(2) 2 or 3,(2) 12,3,12
S0637,(2) Pretty happy,(3) 4 or 5,(3) 13-16,4,16
S0638,(1) Not too happy,(2) 2 or 3,(3) 13-16,2,14
S0639,(3) Very happy,(2) 2 or 3,(1) < 12,2,10
S0640,(2) Pretty happy,(3) 4 or 5,(4) 17+,4,22
S0641,(2) Pretty happy,(2) 2 or 3,(3) 13-16,2,16
S0642,(2) Pretty happy,(5) 8+,(2) 12,10,12
S0643,(1) Not too happy,(3) 4 or 5,(2) 12,4,12
S0644,(2) Pretty happy,(2) 2 or 3,(1) < 12,2,9
S0645,(2) Pretty happy,(2) 2 or 3,(4) 17+,2,20
S0646,(2) Pretty happy,(2) 2 or 3,(2) 12,3,12
S0647,(1) Not too happy,(4) 6 or 7,(4) 17+,6,18
S0648,(1) Not too happy,(1) 0 or 1,(3) 13-16,1,16
S0649,(2) Pretty happy,(1) 0 or 1,(2) 12,0,12
S0650,(2) Pretty happy,(4) 6 or 7,(1) < 12,7,9
S0651,(2) Pretty happy,(3) 4 or 5,(4) 17+,4,22
S0652,(2) Pretty happy,(1) 0 or 1,(2) 12,0,12
S0653,(1) Not too happy,(5) 8+,(4) 17+,9,20
S0654,(2) Pretty happy,(1) 0 or 1,(3) 13-16,0,16
S0655,(1) Not too happy,(2) 2 or 3,(2) 12,2,12
S0656,(2) Pretty happy,(2) 2 or 3,(1) < 12,3,6
S0657,(2) Pretty happy,(2) 2 or 3,(2) 12,2,12
S0658,(1) Not too happy,(3) 4 or 5,(2) 12,4,12
S0659,(3) Very happy,(3) 4 or 5,(2) 12,4,12
S0660,(1) Not too happy,(4) 6 or 7,(1) < 12,7,6
S0661,(1) Not too happy,(2) 2 or 3,(4) 17+,3,20
S0662,(2) Pretty happy,(2) 2 or 3,(3) 13-16,2,14
S0663,(2) Pretty happy,(3) 4 or 5,(1) < 12,5,6
S0664,(1) Not too happy,(4) 6 or 7,(2) 12,6,12
S0665,(1) Not too happy,(1) 0 or 1,(3) 13-16,1,13
S0666,(1) Not too happy,(2) 2 or 3,(1) < 12,3,6
S0667,(2) Pretty happy,(4) 6 or 7,(2) 12,6,12
S0668,(1) Not too happy,(1) 0 or 1,(3) 13-16,0,14
S0669,(3) Very happy,(2) 2 or 3,(1) < 12,2,8
S0670,(1) Not too happy,(4) 6 or 7,(1) < 12,7,6
S0671,(2) Pretty happy,(2) 2 or 3,(3) 13-16,2,16
S0672,(2) Pretty happy,(1) 0 or 1,(2) 12,0,12
S0673,(1) Not too happy,(3) 4 or 5,(4) 17+,4,20
S0674,(2) Pretty happy,(2) 2 or 3,(4) 17+,3,18
S0675,(1) Not too happy,(5) 8+,(1) < 12,9,8
S0676,(3) Very happy,(2) 2 or 3,(1) < 12,2,6
S0677,(2) Pretty happy,(4) 6 or 7,(2) 12,7,12
S0678,(2) Pretty happy,(2) 2 or 3,(2) 12,2,12
S0679,(2) Pretty happy,(1) 0 or 1,(2) 12,0,12
S0680,(2) Pretty happy,(3) 4 or 5,(4) 17+,4,17
S0681,(2) Pretty happy,(1) 0 or 1,(4) 17+,0,20
S0682,(2) Pretty happy,(2) 2 or 3,(4) 17+,2,18
S0683,(1) Not too happy,(2) 2 or 3,(3) 13-16,3,14
S0684,(1) Not too happy,(3) 4 or 5,(1) < 12,5,9
S0685,(3) Very happy,(2) 2 or 3,(4) 17+,3,18
S0686,(1) Not too happy,(2) 2 or 3,(3) 13-16,3,16
S0687,(2) Pretty happy,(4) 6 or 7,(3) 13-16,7,16
S0688,(2) Pretty happy,(1) 0 or 1,(4) 17+,0,20
S0689,(3) Very happy,(2) 2 or 3,(1) < 12,2,9
S0690,(2) Pretty happy,(2) 2 or 3,(1) < 12,2,6
S0691,(2) Pretty happy,(2) 2 or 3,(1) < 12,2,6
S0692,(1) Not too happy,(2) 2 or 3,(1) < 12,2,9
S0693,(1) Not too happy,(4) 6 or 7,(1) < 12,6,10
S0694,(2) Pretty happy,(1) 0 or 1,(4) 17+,1,18
S0695,(2) Pretty happy,(3) 4 or 5,(4) 17+,5,17
S0696,(2) Pretty happy,(3) 4 or 5,(4) 17+,4,20
S0697,(2) Pretty happy,(4) 6 or 7,(4) 17+,7,17
S0698,(2) Pretty happy,(4) 6 or 7,(1) < 12,6,3
S0699,(1) Not too happy,(3) 4 or 5,(3) 13-16,5,14
S0700,(2) Pretty happy,(2) 2 or 3,(3) 13-16,2,14
S0701,(2) Pretty happy,(2) 2 or 3,(3) 13-16,3,13
S0702,(2) Pretty happy,(2) 2 or 3,(1) < 12,2,9
S0703,(2) Pretty happy,(3) 4 or 5,(2) 12,4,12
S0704,(1) Not too happy,(1) 0 or 1,(4) 17+,0,17
S0705,(2) Pretty happy,(4) 6 or 7,(2) 12,6,12
S0706,(2) Pretty happy,(2) 2 or 3,(3) 13-16,3,16
S0707,(3) Very happy,(3) 4 or 5,(1) < 12,4,9
S0708,(1) Not too happy,(5) 8+,(1) < 12,8,8
S0709,(1) Not too happy,(1) 0 or 1,(1) < 12,1,6
S0710,(3) Very happy,(1) 0 or 1,(1) < 12,1,9
S0711,(2) Pretty happy,(3) 4 or 5,(2) 12,4,12
S0712,(3) Very happy,(1) 0 or 1,(2) 12,1,12
S0713,(2) Pretty happy,(3) 4 or 5,(3) 13-16,5,14
S0714,(2) Pretty happy,(2) 2 or 3,(3) 13-16,2,16
S0715,(2) Pretty happy,(3) 4 or 5,(4) 17+,5,22
S0716,(3) Very happy,(1) 0 or 1,(1) < 12,1,9
S0717,(3) Very happy,(2) 2 or 3,(1) < 12,2,9
S0718,(2) Pretty happy,(1) 0 or 1,(2) 12,1,12
S0719,(3) Very happy,(2) 2 or 3,(4) 17+,2,22
S0720,(2) Pretty happy,(2) 2 or 3,(3) 13-16,2,16
S0721,(2) Pretty happy,(2) 2 or 3,(2) 12,2,12
S0722,(2) Pretty happy,(2) 2 or 3,(1) < 12,2,6
S0723,(1) Not too happy,(4) 6 or 7,(1) < 12,7,6
S0724,(2) Pretty happy,(2) 2 or 3,(3) 13-16,3,14
S0725,(1) Not too happy,(3) 4 or 5,(3) 13-16,5,16
S0726,(2) Pretty happy,(1) 0 or 1,(4) 17+,0,18
S0727,(2) Pretty happy,(3) 4 or 5,(1) < 12,4,9
S0728,(2) Pretty happy,(3) 4 or 5,(3) 13-16,4,15
S0729,(2) Pretty happy,(2) 2 or 3,(3) 13-16,3,14
S0730,(1) Not too happy,(3) 4 or 5,(2) 12,4,12
S0731,(2) Pretty happy,(3) 4 or 5,(4) 17+,5,20
S0732,(2) Pretty happy,(3) 4 or 5,(1) < 12,4,11
S0733,(2) Pretty happy,(3) 4 or 5,(1) < 12,4,9
S0734,(3) Very happy,(1) 0 or 1,(3) 13-16,1,14
S0735,(2) Pretty happy,(5) 8+,(1) < 12,10,6
S0736,(1) Not too happy,(4) 6 or 7,(1) < 12,7,8
S0737,(2) Pretty happy,(4) 6 or 7,(4) 17+,6,17
S0738,(2) Pretty happy,(1) 0 or 1,(3) 13-16,0,14
S0739,(1) Not too happy,(2) 2 or 3,(2) 12,3,12
S0740,(3) Very happy,(1) 0 or 1,(2) 12,1,12
S0741,(2) Pretty happy,(1) 0 or 1,(2) 12,1,12
S0742,(2) Pretty happy,(2) 2 or 3,(4) 17+,2,20
S0743,(2) Pretty happy,(3) 4 or 5,(3) 13-16,4,16
S0744,(2) Pretty happy,(1) 0 or 1,(4) 17+,1,18
S0745,(2) Pretty happy,(1) 0 or 1,(4) 17+,1,18
S0746,(2) Pretty happy,(3) 4 or 5,(2) 12,4,12
S0747,(2) Pretty happy,(3) 4 or 5,(3) 13-16,4,16
S0748,(2) Pretty happy,(1) 0 or 1,(3) 13-16,0,16
S0749,(1) Not too happy,(1) 0 or 1,(3) 13-16,1,16
S0750,(3) Very happy,(1) 0 or 1,(3) 13-16,0,16
S0751,(3) Very happy,(3) 4 or 5,(1) < 12,4,9
S0752,(3) Very happy,(5) 8+,(1) < 12,9,8
S0753,(3) Very happy,(1) 0 or 1,(4) 17+,0,20
S0754,(2) Pretty happy,(1) 0 or 1,(3) 13-16,1,16
S0755,(1) Not too happy,(1) 0 or 1,(4) 17+,1,18
S0756,(2) Pretty happy,(4) 6 or 7,(3) 13-16,6,16
S0757,(1) Not too happy,(3) 4 or 5,(4) 17+,4,18
S0758,(1) Not too happy,(3) 4 or 5,(3) 13-16,5,16
S0759,(3) Very happy,(4) 6 or 7,(2) 12,7,12
S0760,(1) Not too happy,(2) 2 or 3,(3) 13-16,2,16
S0761,(1) Not too happy,(2) 2 or 3,(4) 17+,2,17
S0762,(3) Very happy,(5) 8+,(2) 12,8,12
S0763,(2) Pretty happy,(3) 4 or 5,(1) < 12,4,8
S0764,(3) Very happy,(2) 2 or 3,(1) < 12,2,6
S0765,(1) Not too happy,(1) 0 or 1,(2) 12,0,12
S0766,(3) Very happy,(1) 0 or 1,(3) 13-16,1,16
S0767,(2) Pretty happy,(2) 2 or 3,(1) < 12,2,8
S0768,(1) Not too happy,(1) 0 or 1,(2) 12,0,12
S0769,(2) Pretty happy,(2) 2 or 3,(2) 12,3,12
S0770,(1) Not too happy,(2) 2 or 3,(4) 17+,2,20
S0771,(2) Pretty happy,(3) 4 or 5,(4) 17+,4,20
S0772,(2) Pretty happy,(2) 2 or 3,(4) 17+,2,17
S0773,(3) Very happy,(2) 2 or 3,(3) 13-16,2,13
S0774,(2) Pretty happy,(4) 6 or 7,(4) 17+,7,18
S0775,(3) Very happy,(3) 4 or 5,(3) 13-16,4,16
S0776,(2) Pretty happy,(1) 0 or 1,(2) 12,1,12
S0777,(3) Very happy,(1) 0 or 1,(4) 17+,1,17
S0778,(2) Pretty happy,(2) 2 or 3,(2) 12,2,12
S0779,(1) Not too happy,(1) 0 or 1,(3) 13-16,0,16
S0780,(1) Not too happy,(2) 2 or 3,(2) 12,2,12
S0781,(2) Pretty happy,(1) 0 or 1,(4) 17+,0,18
S0782,(2) Pretty happy,(2) 2 or 3,(3) 13-16,3,13
S0783,(2) Pretty happy,(1) 0 or 1,(2) 12,1,12
S0784,(1) Not too happy,(2) 2 or 3,(1) < 12,2,6
S0785,(2) Pretty happy,(2) 2 or 3,(1) < 12,3,5
S0786,(1) Not too happy,(2) 2 or 3,(3) 13-16,3,16
S0787,(1) Not too happy,(2) 2 or 3,(4) 17+,3,18
S0788,(1) Not too happy,(2) 2 or 3,(3) 13-16,3,14
S0789,(1) Not too happy,(2) 2 or 3,(2) 12,2,12
S0790,(2) Pretty happy,(2) 2 or 3,(2) 12,2,12
S0791,(1) Not too happy,(4) 6 or 7,(1) < 12,6,6
S0792,(2) Pretty happy,(3) 4 or 5,(2) 12,4,12
S0793,(2) Pretty happy,(3) 4 or 5,(4) 17+,5,18
S0794,(2) Pretty happy,(4) 6 or 7,(2) 12,6,12
S0795,(1) Not too happy,(2) 2 or 3,(3) 13-16,2,14
S0796,(1) Not too happy,(4) 6 or 7,(1) < 12,7,9
S0797,(1) Not too happy,(2) 2 or 3,(3) 13-16,3,16
S0798,(1) Not too happy,(1) 0 or 1,(4) 17+,1,20
S0799,(2) Pretty happy,(2) 2 or 3,(1) < 12,3,9
S0800,(1) Not too happy,(2) 2 or 3,(3) 13-16,2,16
S0801,(1) Not too happy,(3) 4 or 5,(2) 12,4,12
S0802,(2) Pretty happy,(2) 2 or 3,(1) < 12,2,9
S0803,(2) Pretty happy,(2) 2 or 3,(3) 13-16,3,16
S0804,(3) Very happy,(1) 0 or 1,(2) 12,1,12
S0805,(2) Pretty happy,(2) 2 or 3,(3) 13-16,2,16
S0806,(1) Not too happy,(4) 6 or 7,(1) < 12,7,9
S0807,(3) Very happy,(1) 0 or 1,(2) 12,1,12
S0808,(1) Not too happy,(3) 4 or 5,(4) 17+,5,17
S0809,(2) Pretty happy,(3) 4 or 5,(4) 17+,4,18
S0810,(2) Pretty happy,(1) 0 or 1,(3) 13-16,1,16
S0811,(2) Pretty happy,(3) 4 or 5,(1) < 12,4,9
S0812,(2) Pretty happy,(1) 0 or 1,(2) 12,1,12
S0813,(2) Pretty happy,(2) 2 or 3,(2) 12,2,12
S0814,(2) Pretty happy,(4) 6 or 7,(1) < 12,6,9
S0815,(2) Pretty happy,(1) 0 or 1,(3) 13-16,0,13
S0816,(1) Not too happy,(3) 4 or 5,(2) 12,4,12
S0817,(2) Pretty happy,(1) 0 or 1,(2) 12,0,12
S0818,(2) Pretty happy,(3) 4 or 5,(3) 13-16,4,16
S0819,(2) Pretty happy,(1) 0 or 1,(2) 12,1,12
S0820,(2) Pretty happy,(3) 4 or 5,(1) < 12,4,8
S0821,(2) Pretty happy,(1) 0 or 1,(2) 12,0,12
S0822,(2) Pretty happy,(4) 6 or 7,(2) 12,6,12
S0823,(1) Not too happy,(2) 2 or 3,(4) 17+,2,17
S0824,(2) Pretty happy,(2) 2 or 3,(1) < 12,3,8
S0825,(1) Not too happy,(4) 6 or 7,(4) 17+,6,18
S0826,(1) Not too happy,(1) 0 or 1,(1) < 12,1,8
S0827,(2) Pretty happy,(2) 2 or 3,(1) < 12,2,9
S0828,(1) Not too happy,(2) 2 or 3,(4) 17+,2,20
S0829,(2) Pretty happy,(1) 0 or 1,(2) 12,0,12
S0830,(3) Very happy,(2) 2 or 3,(4) 17+,2,20
S0831,(1) Not too happy,(4) 6 or 7,(1) < 12,6,8
S0832,(2) Pretty happy,(2) 2 or 3,(3) 13-16,2,16
S0833,(2) Pretty happy,(1) 0 or 1,(3) 13-16,1,14
S0834,(2) Pretty happy,(1) 0 or 1,(3) 13-16,1,16
S0835,(1) Not too happy,(3) 4 or 5,(3) 13-16,4,16
S0836,(2) Pretty happy,(5) 8+,(1) < 12,8,9
S0837,(2) Pretty happy,(2) 2 or 3,(4) 17+,2,22
S0838,(2) Pretty happy,(2) 2 or 3,(2) 12,3,12
S0839,(3) Very happy,(2) 2 or 3,(1) < 12,3,6
S0840,(3) Very happy,(1) 0 or 1,(3) 13-16,1,13
S0841,(1) Not too happy,(1) 0 or 1,(4) 17+,1,18
S0842,(2) Pretty happy,(3) 4 or 5,(3) 13-16,5,16
S0843,(2) Pretty happy,(3) 4 or 5,(3) 13-16,5,16
S0844,(1) Not too happy,(2) 2 or 3,(4) 17+,3,17
S0845,(2) Pretty happy,(2) 2 or 3,(4) 17+,2,20
S0846,(2) Pretty happy,(2) 2 or 3,(2) 12,2,12
S0847,(2) Pretty happy,(3) 4 or 5,(1) < 12,4,9
S0848,(2) Pretty happy,(4) 6 or 7,(1) < 12,7,9
S0849,(2) Pretty happy,(1) 0 or 1,(1) < 12,0,6
S0850,(1) Not too happy,(1) 0 or 1,(3) 13-16,0,14
S0851,(1) Not too happy,(2) 2 or 3,(1) < 12,2,9
S0852,(1) Not too happy,(4) 6 or 7,(4) 17+,6,21
S0853,(2) Pretty happy,(1) 0 or 1,(3) 13-16,1,16
S0854,(2) Pretty happy,(4) 6 or 7,(2) 12,6,12
S0855,(3) Very happy,(1) 0 or 1,(2) 12,0,12
S0856,(1) Not too happy,(1) 0 or 1,(1) < 12,0,6
S0857,(1) Not too happy,(2) 2 or 3,(1) < 12,2,6
S0858,(1) Not too happy,(4) 6 or 7,(4) 17+,7,20
S0859,(2) Pretty happy,(2) 2 or 3,(3) 13-16,2,16
S0860,(2) Pretty happy,(3) 4 or 5,(3) 13-16,4,16
S0861,(1) Not too happy,(2) 2 or 3,(4) 17+,2,18
S0862,(1) Not too happy,(3) 4 or 5,(4) 17+,5,17
S0863,(2) Pretty happy,(1) 0 or 1,(3) 13-16,1,16
S0864,(1) Not too happy,(3) 4 or 5,(4) 17+,4,20
S0865,(1) Not too happy,(2) 2 or 3,(1) < 12,2,6
S0866,(1) Not too happy,(2) 2 or 3,(3) 13-16,2,14
S0867,(2) Pretty happy,(1) 0 or 1,(2) 12,0,12
S0868,(1) Not too happy,(2) 2 or 3,(4) 17+,3,17
S0869,(2) Pretty happy,(2) 2 or 3,(4) 17+,2,17
S0870,(2) Pretty happy,(3) 4 or 5,(4) 17+,4,20
S0871,(2) Pretty happy,(3) 4 or 5,(4) 17+,4,20
S0872,(2) Pretty happy,(1) 0 or 1,(4) 17+,0,18
S0873,(2) Pretty happy,(3) 4 or 5,(1) < 12,4,8
S0874,(3) Very happy,(1) 0 or 1,(1) < 12,1,9
S0875,(3) Very happy,(5) 8+,(4) 17+,10,18
S0876,(3) Very happy,(1) 0 or 1,(4) 17+,0,20
S0877,(2) Pretty happy,(3) 4 or 5,(3) 13-16,4,16
S0878,(3) Very happy,(1) 0 or 1,(2) 12,1,12
S0879,(2) Pretty happy,(1) 0 or 1,(4) 17+,0,18
S0880,(2) Pretty happy,(2) 2 or 3,(3) 13-16,2,14
S0881,(1) Not too happy,(3) 4 or 5,(3) 13-16,4,14
S0882,(2) Pretty happy,(3) 4 or 5,(4) 17+,4,17
S0883,(3) Very happy,(3) 4 or 5,(2) 12,4,12
S0884,(3) Very happy,(2) 2 or 3,(2) 12,2,12
S0885,(2) Pretty happy,(3) 4 or 5,(4) 17+,4,17
S0886,(2) Pretty happy,(2) 2 or 3,(1) < 12,2,6
S0887,(2) Pretty happy,(1) 0 or 1,(3) 13-16,1,13
S0888,(1) Not too happy,(2) 2 or 3,(1) < 12,2,6
S0889,(1) Not too happy,(4) 6 or 7,(1) < 12,7,6
S0890,(2) Pretty happy,(5) 8+,(1) < 12,10,9
S0891,(2) Pretty happy,(1) 0 or 1,(4) 17+,1,17
S0892,(1) Not too happy,(2) 2 or 3,(1) < 12,2,6
S0893,(1) Not too happy,(2) 2 or 3,(1) < 12,2,8
S0894,(3) Very happy,(1) 0 or 1,(2) 12,1,12
S0895,(2) Pretty happy,(2) 2 or 3,(1) < 12,3,6
S0896,(3) Very happy,(1) 0 or 1,(4) 17+,0,20
S0897,(1) Not too happy,(2) 2 or 3,(4) 17+,2,17
S0898,(2) Pretty happy,(4) 6 or 7,(1) < 12,7,9
S0899,(3) Very happy,(5) 8+,(2) 12,10,12
S0900,(2) Pretty happy,(2) 2 or 3,(1) < 12,2,8
S0901,(1) Not too happy,(4) 6 or 7,(2) 12,6,12
S0902,(1) Not too happy,(3) 4 or 5,(1) < 12,4,9
S0903,(2) Pretty happy,(2) 2 or 3,(2) 12,2,12
S0904,(1) Not too happy,(1) 0 or 1,(3) 13-16,1,14
S0905,(1) Not too happy,(3) 4 or 5,(4) 17+,4,17
S0906,(1) Not too happy,(2) 2 or 3,(1) < 12,3,6
S0907,(1) Not too happy,(3) 4 or 5,(4) 17+,4,18
S0908,(2) Pretty happy,(2) 2 or 3,(1) < 12,2,8
S0909,(2) Pretty happy,(3) 4 or 5,(4) 17+,4,20
S0910,(2) Pretty happy,(3) 4 or 5,(4) 17+,4,21
S0911,(1) Not too happy,(1) 0 or 1,(1) < 12,1,9
S0912,(1) Not too happy,(5) 8+,(4) 17+,9,20
S0913,(2) Pretty happy,(1) 0 or 1,(4) 17+,0,18
S0914,(1) Not too happy,(2) 2 or 3,(3) 13-16,2,16
S0915,(1) Not too happy,(2) 2 or 3,(1) < 12,2,6
S0916,(1) Not too happy,(1) 0 or 1,(1) < 12,0,8
S0917,(2) Pretty happy,(1) 0 or 1,(2) 12,0,12
S0918,(2) Pretty happy,(2) 2 or 3,(3) 13-16,3,16
S0919,(2) Pretty happy,(1) 0 or 1,(4) 17+,0,17
S0920,(1) Not too happy,(4) 6 or 7,(1) < 12,7,6
S0921,(2) Pretty happy,(1) 0 or 1,(2) 12,0,12
S0922,(2) Pretty happy,(1) 0 or 1,(3) 13-16,1,16
S0923,(1) Not too happy,(1) 0 or 1,(3) 13-16,0,14
S0924,(2) Pretty happy,(1) 0 or 1,(2) 12,1,12
S0925,(2) Pretty happy,(3) 4 or 5,(3) 13-16,4,16
S0926,(2) Pretty happy,(2) 2 or 3,(3) 13-16,2,16
S0927,(1) Not too happy,(5) 8+,(1) < 12,8,9
S0928,(1) Not too happy,(2) 2 or 3,(1) < 12,2,9
S0929,(3) Very happy,(1) 0 or 1,(2) 12,0,12
S0930,(2) Pretty happy,(3) 4 or 5,(3) 13-16,4,14
S0931,(2) Pretty happy,(2) 2 or 3,(3) 13-16,2,16
S0932,(2) Pretty happy,(2) 2 or 3,(1) < 12,3,9
S0933,(1) Not too happy,(2) 2 or 3,(3) 13-16,2,16
S0934,(3) Very happy,(1) 0 or 1,(2) 12,1,12
S0935,(1) Not too happy,(5) 8+,(1) < 12,8,5
S0936,(3) Very happy,(3) 4 or 5,(2) 12,4,12
S0937,(1) Not too happy,(4) 6 or 7,(2) 12,6,12
S0938,(2) Pretty happy,(3) 4 or 5,(3) 13-16,4,14
S0939,(2) Pretty happy,(1) 0 or 1,(3) 13-16,0,16
S0940,(2) Pretty happy,(2) 2 or 3,(4) 17+,2,18
S0941,(1) Not too happy,(1) 0 or 1,(2) 12,0,12
S0942,(2) Pretty happy,(2) 2 or 3,(3) 13-16,2,16
S0943,(2) Pretty happy,(4) 6 or 7,(4) 17+,6,18
S0944,(2) Pretty happy,(3) 4 or 5,(4) 17+,5,18
S0945,(3) Very happy,(3) 4 or 5,(1) < 12,5,10
S0946,(2) Pretty happy,(3) 4 or 5,(2) 12,4,12
S0947,(1) Not too happy,(5) 8+,(2) 12,10,12
S0948,(1) Not too happy,(3) 4 or 5,(4) 17+,4,17
S0949,(2) Pretty happy,(2) 2 or 3,(1) < 12,2,6
S0950,(1) Not too happy,(2) 2 or 3,(2) 12,2,12
S0951,(2) Pretty happy,(1) 0 or 1,(2) 12,0,12
S0952,(2) Pretty happy,(3) 4 or 5,(1) < 12,4,6
S0953,(3) Very happy,(2) 2 or 3,(1) < 12,2,8
S0954,(2) Pretty happy,(3) 4 or 5,(4) 17+,4,22
S0955,(1) Not too happy,(2) 2 or 3,(4) 17+,2,20
S0956,(2) Pretty happy,(2) 2 or 3,(3) 13-16,2,14
S0957,(2) Pretty happy,(1) 0 or 1,(2) 12,0,12
S0958,(1) Not too happy,(3) 4 or 5,(4) 17+,5,17
S0959,(1) Not too happy,(2) 2 or 3,(1) < 12,2,8
S0960,(2) Pretty happy,(1) 0 or 1,(4) 17+,0,20
S0961,(3) Very happy,(2) 2 or 3,(3) 13-16,3,14
S0962,(2) Pretty happy,(1) 0 or 1,(1) < 12,0,9
S0963,(2) Pretty happy,(2) 2 or 3,(2) 12,2,12
S0964,(2) Pretty happy,(3) 4 or 5,(3) 13-16,4,16
S0965,(2) Pretty happy,(3) 4 or 5,(1) < 12,5,9
S0966,(2) Pretty happy,(2) 2 or 3,(1) < 12,2,8
S0967,(3) Very happy,(2) 2 or 3,(4) 17+,2,20
S0968,(3) Very happy,(3) 4 or 5,(3) 13-16,4,16
S0969,(3) Very happy,(1) 0 or 1,(3) 13-16,0,16
S0970,(2) Pretty happy,(3) 4 or 5,(4) 17+,4,18
S0971,(1) Not too happy,(1) 0 or 1,(2) 12,1,12
S0972,(2) Pretty happy,(2) 2 or 3,(2) 12,2,12
S0973,(1) Not too happy,(2) 2 or 3,(3) 13-16,2,16
S0974,(2) Pretty happy,(1) 0 or 1,(4) 17+,0,20
S0975,(2) Pretty happy,(2) 2 or 3,(1) < 12,2,6
S0976,(3) Very happy,(3) 4 or 5,(3) 13-16,4,16
S0977,(2) Pretty happy,(2) 2 or 3,(2) 12,3,12
S0978,(2) Pretty happy,(3) 4 or 5,(1) < 12,5,9
S0979,(2) Pretty happy,(2) 2 or 3,(3) 13-16,2,14
S0980,(2) Pretty happy,(2) 2 or 3,(1) < 12,3,8
S0981,(2) Pretty happy,(1) 0 or 1,(3) 13-16,0,14
S0982,(1) Not too happy,(3) 4 or 5,(2) 12,5,12
S0983,(2) Pretty happy,(1) 0 or 1,(3) 13-16,1,14
S0984,(3) Very happy,(2) 2 or 3,(4) 17+,2,20
S0985,(3) Very happy,(1) 0 or 1,(3) 13-16,0,14
S0986,(2) Pretty happy,(3) 4 or 5,(2) 12,4,12
S0987,(1) Not too happy,(2) 2 or 3,(3) 13-16,3,16
S0988,(1) Not too happy,(3) 4 or 5,(2) 12,4,12
S0989,(2) Pretty happy,(2) 2 or 3,(3) 13-16,2,14
S0990,(1) Not too happy,(3) 4 or 5,(1) < 12,4,9
S0991,(1) Not too happy,(2) 2 or 3,(3) 13-16,2,16
S0992,(2) Pretty happy,(2) 2 or 3,(1) < 12,2,3
S0993,(2) Pretty happy,(3) 4 or 5,(2) 12,4,12
S0994,(2) Pretty happy,(4) 6 or 7,(1) < 12,7,8
S0995,(2) Pretty happy,(2) 2 or 3,(2) 12,2,12
S0996,(2) Pretty happy,(2) 2 or 3,(3) 13-16,2,16
S0997,(1) Not too happy,(1) 0 or 1,(4) 17+,0,18
S0998,(1) Not too happy,(4) 6 or 7,(3) 13-16,6,16
S0999,(2) Pretty happy,(1) 0 or 1,(2) 12,0,12
S1000,(1) Not too happy,(2) 2 or 3,(4) 17+,3,20
S1001,(1) Not too happy,(2) 2 or 3,(1) < 12,3,9
S1002,(2) Pretty happy,(3) 4 or 5,(3) 13-16,4,16
S1003,(2) Pretty happy,(1) 0 or 1,(3) 13-16,1,16
S1004,(1) Not too happy,(3) 4 or 5,(3) 13-16,4,14
S1005,(2) Pretty happy,(4) 6 or 7,(2) 12,7,12
S1006,(1) Not too happy,(3) 4 or 5,(4) 17+,4,20
S1007,(2) Pretty happy,(2) 2 or 3,(1) < 12,2,9
S1008,(2) Pretty happy,(3) 4 or 5,(4) 17+,4,18
S1009,(2) Pretty happy,(3) 4 or 5,(2) 12,4,12
S1010,(2) Pretty happy,(2) 2 or 3,(2) 12,2,12
S1011,(2) Pretty happy,(2) 2 or 3,(2) 12,3,12
S1012,(1) Not too happy,(4) 6 or 7,(1) < 12,7,9
S1013,(2) Pretty happy,(2) 2 or 3,(3) 13-16,3,14
S1014,(1) Not too happy,(2) 2 or 3,(1) < 12,3,9
S1015,(3) Very happy,(3) 4 or 5,(1) < 12,4,6
S1016,(2) Pretty happy,(2) 2 or 3,(3) 13-16,2,16
S1017,(2) Pretty happy,(1) 0 or 1,(3) 13-16,0,13
S1018,(3) Very happy,(2) 2 or 3,(1) < 12,2,8
S1019,(1) Not too happy,(3) 4 or 5,(3) 13-16,4,14
S1020,(2) Pretty happy,(2) 2 or 3,(4) 17+,2,18
S1021,(1) Not too happy,(2) 2 or 3,(3) 13-16,2,14
S1022,(1) Not too happy,(2) 2 or 3,(4) 17+,2,20
S1023,(1) Not too happy,(2) 2 or 3,(3) 13-16,2,16
S1024,(1) Not too happy,(1) 0 or 1,(2) 12,1,12
S1025,(2) Pretty happy,(3) 4 or 5,(1) < 12,4,9
S1026,(1) Not too happy,(2) 2 or 3,(1) < 12,2,8
S1027,(2) Pretty happy,(1) 0 or 1,(2) 12,1,12
S1028,(2) Pretty happy,(2) 2 or 3,(1) < 12,2,8
S1029,(1) Not too happy,(3) 4 or 5,(2) 12,5,12
S1030,(2) Pretty happy,(2) 2 or 3,(3) 13-16,2,16
S1031,(1) Not too happy,(2) 2 or 3,(1) < 12,2,6
S1032,(1) Not too happy,(1) 0 or 1,(3) 13-16,0,16
S1033,(2) Pretty happy,(2) 2 or 3,(2) 12,2,12
S1034,(2) Pretty happy,(1) 0 or 1,(2) 12,0,12
S1035,(1) Not too happy,(5) 8+,(2) 12,8,12
S1036,(2) Pretty happy,(1) 0 or 1,(4) 17+,1,18
S1037,(3) Very happy,(1) 0 or 1,(4) 17+,1,17
S1038,(2) Pretty happy,(2) 2 or 3,(1) < 12,2,9
S1039,(2) Pretty happy,(3) 4 or 5,(2) 12,4,12
S1040,(1) Not too happy,(1) 0 or 1,(3) 13-16,1,16
S1041,(3) Very happy,(2) 2 or 3,(3) 13-16,2,14
S1042,(1) Not too happy,(2) 2 or 3,(1) < 12,2,6
S1043,(2) Pretty happy,(2) 2 or 3,(3) 13-16,3,16
S1044,(1) Not too happy,(2) 2 or 3,(1) < 12,2,9
S1045,(3) Very happy,(3) 4 or 5,(2) 12,5,12
S1046,(1) Not too happy,(2) 2 or 3,(1) < 12,3,8
S1047,(3) Very happy,(1) 0 or 1,(4) 17+,0,18
S1048,(1) Not too happy,(4) 6 or 7,(2) 12,6,12
S1049,(1) Not too happy,(2) 2 or 3,(2) 12,2,12
S1050,(1) Not too happy,(2) 2 or 3,(1) < 12,2,9
S1051,(2) Pretty happy,(4) 6 or 7,(4) 17+,6,20
S1052,(1) Not too happy,(2) 2 or 3,(1) < 12,2,9
S1053,(1) Not too happy,(2) 2 or 3,(4) 17+,3,20
S1054,(2) Pretty happy,(2) 2 or 3,(3) 13-16,3,16
S1055,(1) Not too happy,(4) 6 or 7,(1) < 12,6,10
S1056,(3) Very happy,(4) 6 or 7,(1) < 12,7,9
S1057,(2) Pretty happy,(3) 4 or 5,(3) 13-16,5,16
S1058,(2) Pretty happy,(3) 4 or 5,(4) 17+,5,18
S1059,(1) Not too happy,(2) 2 or 3,(1) < 12,2,9
S1060,(2) Pretty happy,(1) 0 or 1,(3) 13-16,1,16
S1061,(3) Very happy,(2) 2 or 3,(1) < 12,2,6
S1062,(2) Pretty happy,(3) 4 or 5,(3) 13-16,4,14
S1063,(2) Pretty happy,(2) 2 or 3,(3) 13-16,2,16
S1064,(1) Not too happy,(1) 0 or 1,(2) 12,1,12
S1065,(2) Pretty happy,(1) 0 or 1,(3) 13-16,0,16
S1066,(1) Not too happy,(3) 4 or 5,(3) 13-16,4,16
S1067,(1) Not too happy,(4) 6 or 7,(3) 13-16,7,16
S1068,(1) Not too happy,(2) 2 or 3,(3) 13-16,2,16
S1069,(1) Not too happy,(4) 6 or 7,(1) < 12,6,8
S1070,(1) Not too happy,(2) 2 or 3,(3) 13-16,3,16
S1071,(3) Very happy,(2) 2 or 3,(1) < 12,3,9
S1072,(1) Not too happy,(3) 4 or 5,(4) 17+,4,20
S1073,(1) Not too happy,(2) 2 or 3,(3) 13-16,2,16
S1074,(2) Pretty happy,(4) 6 or 7,(1) < 12,6,8
S1075,(2) Pretty happy,(1) 0 or 1,(4) 17+,1,20
S1076,(1) Not too happy,(1) 0 or 1,(3) 13-16,1,14
S1077,(2) Pretty happy,(2) 2 or 3,(3) 13-16,2,16
S1078,(2) Pretty happy,(2) 2 or 3,(2) 12,2,12
S1079,(2) Pretty happy,(1) 0 or 1,(3) 13-16,1,16
S1080,(2) Pretty happy,(3) 4 or 5,(2) 12,4,12
S1081,(2) Pretty happy,(1) 0 or 1,(4) 17+,0,20
S1082,(2) Pretty happy,(4) 6 or 7,(1) < 12,6,10
S1083,(3) Very happy,(3) 4 or 5,(4) 17+,4,20
S1084,(3) Very happy,(3) 4 or 5,(4) 17+,4,18
S1085,(1) Not too happy,(2) 2 or 3,(1) < 12,3,9
S1086,(2) Pretty happy,(3) 4 or 5,(3) 13-16,4,15
S1087,(1) Not too happy,(2) 2 or 3,(4) 17+,2,20
S1088,(2) Pretty happy,(3) 4 or 5,(3) 13-16,4,16
S1089,(1) Not too happy,(2) 2 or 3,(2) 12,2,12
S1090,(2) Pretty happy,(4) 6 or 7,(2) 12,6,12
S1091,(1) Not too happy,(2) 2 or 3,(2) 12,3,12
S1092,(1) Not too happy,(3) 4 or 5,(4) 17+,4,20
S1093,(3) Very happy,(2) 2 or 3,(4) 17+,2,20
S1094,(2) Pretty happy,(2) 2 or 3,(1) < 12,3,6
S1095,(1) Not too happy,(4) 6 or 7,(2) 12,7,12
S1096,(2) Pretty happy,(2) 2 or 3,(3) 13-16,2,16
S1097,(2) Pretty happy,(3) 4 or 5,(4) 17+,4,20
S1098,(2) Pretty happy,(2) 2 or 3,(4) 17+,2,18
S1099,(1) Not too happy,(2) 2 or 3,(3) 13-16,3,16
S1100,(2) Pretty happy,(2) 2 or 3,(1) < 12,2,6
S1101,(2) Pretty happy,(2) 2 or 3,(2) 12,3,12
S1102,(2) Pretty happy,(2) 2 or 3,(1) < 12,2,9
S1103,(1) Not too happy,(1) 0 or 1,(2) 12,1,12
S1104,(2) Pretty happy,(2) 2 or 3,(1) < 12,2,6
S1105,(1) Not too happy,(3) 4 or 5,(2) 12,4,12
S1106,(2) Pretty happy,(4) 6 or 7,(1) < 12,6,9
S1107,(2) Pretty happy,(3) 4 or 5,(1) < 12,4,6
S1108,(2) Pretty happy,(3) 4 or 5,(3) 13-16,4,16
S1109,(2) Pretty happy,(3) 4 or 5,(3) 13-16,4,16
S1110,(1) Not too happy,(1) 0 or 1,(2) 12,1,12
S1111,(2) Pretty happy,(1) 0 or 1,(3) 13-16,0,14
S1112,(2) Pretty happy,(3) 4 or 5,(1) < 12,4,6
S1113,(2) Pretty happy,(1) 0 or 1,(1) < 12,1,6
S1114,(1) Not too happy,(1) 0 or 1,(1) < 12,0,9
S1115,(2) Pretty happy,(2) 2 or 3,(1) < 12,2,9
S1116,(2) Pretty happy,(2) 2 or 3,(1) < 12,2,8
S1117,(2) Pretty happy,(2) 2 or 3,(1) < 12,2,9
S1118,(2) Pretty happy,(3) 4 or 5,(3) 13-16,5,14
S1119,(1) Not too happy,(3) 4 or 5,(1) < 12,4,9
S1120,(1) Not too happy,(1) 0 or 1,(2) 12,0,12
S1121,(2) Pretty happy,(4) 6 or 7,(1) < 12,6,8
S1122,(2) Pretty happy,(4) 6 or 7,(1) < 12,7,9
S1123,(3) Very happy,(1) 0 or 1,(3) 13-16,0,16
S1124,(1) Not too happy,(2) 2 or 3,(3) 13-16,2,16
S1125,(2) Pretty happy,(1) 0 or 1,(4) 17+,0,20
S1126,(2) Pretty happy,(3) 4 or 5,(3) 13-16,4,16
S1127,(1) Not too happy,(4) 6 or 7,(1) < 12,6,11
S1128,(3) Very happy,(2) 2 or 3,(1) < 12,2,8
S1129,(1) Not too happy,(3) 4 or 5,(1) < 12,4,9
S1130,(2) Pretty happy,(4) 6 or 7,(4) 17+,6,18
S1131,(2) Pretty happy,(3) 4 or 5,(4) 17+,5,20
S1132,(1) Not too happy,(4) 6 or 7,(1) < 12,7,6
S1133,(2) Pretty happy,(1) 0 or 1,(2) 12,1,12
S1134,(2) Pretty happy,(2) 2 or 3,(1) < 12,2,6
S1135,(2) Pretty happy,(2) 2 or 3,(3) 13-16,2,16
S1136,(1) Not too happy,(3) 4 or 5,(1) < 12,4,9
S1137,(1) Not too happy,(1) 0 or 1,(3) 13-16,0,16
S1138,(2) Pretty happy,(3) 4 or 5,(4) 17+,4,22
S1139,(2) Pretty happy,(4) 6 or 7,(3) 13-16,7,16
S1140,(2) Pretty happy,(3) 4 or 5,(2) 12,4,12
S1141,(2) Pretty happy,(4) 6 or 7,(1) < 12,6,6
S1142,(1) Not too happy,(2) 2 or 3,(2) 12,2,12
S1143,(2) Pretty happy,(2) 2 or 3,(1) < 12,2,8
S1144,(2) Pretty happy,(2) 2 or 3,(1) < 12,2,8
S1145,(2) Pretty happy,(5) 8+,(2) 12,10,12
S1146,(1) Not too happy,(2) 2 or 3,(3) 13-16,3,16
S1147,(1) Not too happy,(2) 2 or 3,(1) < 12,2,9
S1148,(2) Pretty happy,(1) 0 or 1,(2) 12,0,12
S1149,(3) Very happy,(1) 0 or 1,(4) 17+,0,17
S1150,(2) Pretty happy,(4) 6 or 7,(1) < 12,7,6
S1151,(2) Pretty happy,(1) 0 or 1,(2) 12,0,12
S1152,(2) Pretty happy,(3) 4 or 5,(3) 13-16,4,15
S1153,(2) Pretty happy,(2) 2 or 3,(4) 17+,2,17
S1154,(3) Very happy,(2) 2 or 3,(3) 13-16,2,16
S1155,(2) Pretty happy,(2) 2 or 3,(4) 17+,2,18
S1156,(2) Pretty happy,(2) 2 or 3,(3) 13-16,2,16
S1157,(1) Not too happy,(4) 6 or 7,(4) 17+,6,18
S1158,(1) Not too happy,(1) 0 or 1,(4) 17+,0,18
S1159,(1) Not too happy,(2) 2 or 3,(1) < 12,3,9
S1160,(2) Pretty happy,(1) 0 or 1,(3) 13-16,0,16
S1161,(1) Not too happy,(2) 2 or 3,(1) < 12,3,9
S1162,(2) Pretty happy,(4) 6 or 7,(1) < 12,7,9
S1163,(2) Pretty happy,(4) 6 or 7,(1) < 12,7,6
S1164,(2) Pretty happy,(2) 2 or 3,(1) < 12,3,8
S1165,(1) Not too happy,(3) 4 or 5,(2) 12,4,12
S1166,(1) Not too happy,(3) 4 or 5,(3) 13-16,4,16
S1167,(1) Not too happy,(3) 4 or 5,(3) 13-16,4,13
S1168,(1) Not too happy,(1) 0 or 1,(3) 13-16,0,14
S1169,(1) Not too happy,(2) 2 or 3,(3) 13-16,2,16
S1170,(2) Pretty happy,(2) 2 or 3,(2) 12,3,12
S1171,(1) Not too happy,(2) 2 or 3,(1) < 12,2,9
S1172,(2) Pretty happy,(3) 4 or 5,(4) 17+,5,18
S1173,(1) Not too happy,(1) 0 or 1,(2) 12,1,12
S1174,(2) Pretty happy,(1) 0 or 1,(4) 17+,0,20
S1175,(2) Pretty happy,(2) 2 or 3,(3) 13-16,2,14
S1176,(3) Very happy,(1) 0 or 1,(2) 12,1,12
S1177,(1) Not too happy,(4) 6 or 7,(4) 17+,6,17
S1178,(1) Not too happy,(5) 8+,(1) < 12,8,9
S1179,(2) Pretty happy,(2) 2 or 3,(3) 13-16,2,16
S1180,(2) Pretty happy,(1) 0 or 1,(3) 13-16,1,16
S1181,(1) Not too happy,(2) 2 or 3,(1) < 12,2,9
S1182,(2) Pretty happy,(1) 0 or 1,(2) 12,1,12
S1183,(3) Very happy,(3) 4 or 5,(1) < 12,4,5
S1184,(2) Pretty happy,(2) 2 or 3,(2) 12,2,12
S1185,(1) Not too happy,(3) 4 or 5,(3) 13-16,4,16
S1186,(2) Pretty happy,(3) 4 or 5,(3) 13-16,4,16
S1187,(2) Pretty happy,(3) 4 or 5,(2) 12,4,12
S1188,(2) Pretty happy,(3) 4 or 5,(3) 13-16,4,16
S1189,(1) Not too happy,(3) 4 or 5,(3) 13-16,4,16
S1190,(2) Pretty happy,(2) 2 or 3,(1) < 12,3,9
S1191,(3) Very happy,(1) 0 or 1,(4) 17+,1,20
S1192,(1) Not too happy,(2) 2 or 3,(1) < 12,2,9
S1193,(3) Very happy,(2) 2 or 3,(4) 17+,2,17
S1194,(2) Pretty happy,(1) 0 or 1,(3) 13-16,1,16
S1195,(1) Not too happy,(2) 2 or 3,(2) 12,3,12
S1196,(1) Not too happy,(2) 2 or 3,(4) 17+,2,20
S1197,(2) Pretty happy,(4) 6 or 7,(1) < 12,7,8
S1198,(1) Not too happy,(2) 2 or 3,(1) < 12,3,9
S1199,(1) Not too happy,(1) 0 or 1,(4) 17+,1,20
S1200,(2) Pretty happy,(1) 0 or 1,(4) 17+,1,17
S1201,(1) Not too happy,(3) 4 or 5,(3) 13-16,4,14
S1202,(2) Pretty happy,(1) 0 or 1,(2) 12,1,12
S1203,(1) Not too happy,(4) 6 or 7,(3) 13-16,7,16
S1204,(1) Not too happy,(1) 0 or 1,(4) 17+,0,18
S1205,(2) Pretty happy,(1) 0 or 1,(4) 17+,0,20
S1206,(1) Not too happy,(2) 2 or 3,(4) 17+,2,20
S1207,(1) Not too happy,(1) 0 or 1,(2) 12,0,12
S1208,(1) Not too happy,(3) 4 or 5,(4) 17+,5,20
S1209,(1) Not too happy,(1) 0 or 1,(2) 12,0,12
S1210,(2) Pretty happy,(3) 4 or 5,(4) 17+,5,20
S1211,(2) Pretty happy,(4) 6 or 7,(1) < 12,6,6
S1212,(2) Pretty happy,(2) 2 or 3,(4) 17+,2,18
S1213,(3) Very happy,(1) 0 or 1,(3) 13-16,0,16
S1214,(1) Not too happy,(3) 4 or 5,(4) 17+,5,20
S1215,(1) Not too happy,(2) 2 or 3,(2) 12,3,12
S1216,(1) Not too happy,(1) 0 or 1,(2) 12,1,12
S1217,(2) Pretty happy,(3) 4 or 5,(3) 13-16,5,16
S1218,(1) Not too happy,(1) 0 or 1,(3) 13-16,0,16
S1219,(2) Pretty happy,(2) 2 or 3,(1) < 12,3,6
S1220,(1) Not too happy,(2) 2 or 3,(1) < 12,2,9
S1221,(2) Pretty happy,(2) 2 or 3,(3) 13-16,2,16
S1222,(1) Not too happy,(3) 4 or 5,(1) < 12,4,9
S1223,(2) Pretty happy,(4) 6 or 7,(1) < 12,6,6
S1224,(2) Pretty happy,(4) 6 or 7,(3) 13-16,6,16
S1225,(3) Very happy,(2) 2 or 3,(4) 17+,2,22
S1226,(2) Pretty happy,(1) 0 or 1,(4) 17+,0,17
S1227,(2) Pretty happy,(4) 6 or 7,(2) 12,7,12
S1228,(3) Very happy,(3) 4 or 5,(4) 17+,4,18
S1229,(1) Not too happy,(2) 2 or 3,(1) < 12,2,8
S1230,(2) Pretty happy,(2) 2 or 3,(3) 13-16,2,14
S1231,(2) Pretty happy,(5) 8+,(2) 12,10,12
S1232,(2) Pretty happy,(2) 2 or 3,(1) < 12,2,9
S1233,(2) Pretty happy,(3) 4 or 5,(4) 17+,5,22
S1234,(2) Pretty happy,(2) 2 or 3,(2) 12,2,12
S1235,(2) Pretty happy,(2) 2 or 3,(4) 17+,2,18
S1236,(2) Pretty happy,(2) 2 or 3,(2) 12,2,12
S1237,(3) Very happy,(4) 6 or 7,(1) < 12,6,8
S1238,(1) Not too happy,(3) 4 or 5,(1) < 12,4,8
S1239,(1) Not too happy,(4) 6 or 7,(4) 17+,6,18
S1240,(2) Pretty happy,(2) 2 or 3,(2) 12,2,12
S1241,(2) Pretty happy,(3) 4 or 5,(1) < 12,4,9
S1242,(2) Pretty happy,(2) 2 or 3,(3) 13-16,3,16
S1243,(2) Pretty happy,(5) 8+,(1) < 12,8,9
S1244,(2) Pretty happy,(3) 4 or 5,(4) 17+,4,18
S1245,(1) Not too happy,(1) 0 or 1,(3) 13-16,1,16
S1246,(2) Pretty happy,(2) 2 or 3,(3) 13-16,3,16
S1247,(2) Pretty happy,(1) 0 or 1,(4) 17+,1,20
S1248,(1) Not too happy,(3) 4 or 5,(3) 13-16,5,14
S1249,(1) Not too happy,(1) 0 or 1,(2) 12,1,12
S1250,(1) Not too happy,(2) 2 or 3,(2) 12,2,12
S1251,(1) Not too happy,(2) 2 or 3,(2) 12,2,12
S1252,(2) Pretty happy,(3) 4 or 5,(3) 13-16,5,16
S1253,(1) Not too happy,(2) 2 or 3,(3) 13-16,3,14
S1254,(2) Pretty happy,(4) 6 or 7,(2) 12,6,12
S1255,(2) Pretty happy,(5) 8+,(1) < 12,8,9
S1256,(2) Pretty happy,(3) 4 or 5,(4) 17+,4,18
S1257,(1) Not too happy,(4) 6 or 7,(2) 12,6,12
S1258,(1) Not too happy,(2) 2 or 3,(4) 17+,3,20
S1259,(1) Not too happy,(5) 8+,(3) 13-16,8,16
S1260,(2) Pretty happy,(2) 2 or 3,(2) 12,3,12
S1261,(1) Not too happy,(2) 2 or 3,(3) 13-16,3,16
S1262,(2) Pretty happy,(4) 6 or 7,(4) 17+,7,20
S1263,(2) Pretty happy,(1) 0 or 1,(4) 17+,0,17
S1264,(2) Pretty happy,(4) 6 or 7,(1) < 12,7,8
S1265,(2) Pretty happy,(4) 6 or 7,(1) < 12,6,9
S1266,(2) Pretty happy,(1) 0 or 1,(3) 13-16,0,16
S1267,(2) Pretty happy,(2) 2 or 3,(2) 12,2,12
S1268,(1) Not too happy,(3) 4 or 5,(4) 17+,4,22
S1269,(2) Pretty happy,(2) 2 or 3,(3) 13-16,3,14
S1270,(2) Pretty happy,(3) 4 or 5,(2) 12,4,12
S1271,(2) Pretty happy,(5) 8+,(3) 13-16,10,16
S1272,(1) Not too happy,(2) 2 or 3,(2) 12,2,12
S1273,(3) Very happy,(1) 0 or 1,(3) 13-16,0,16
S1274,(3) Very happy,(2) 2 or 3,(3) 13-16,2,16
S1275,(2) Pretty happy,(1) 0 or 1,(3) 13-16,1,13
S1276,(1) Not too happy,(5) 8+,(3) 13-16,8,16
S1277,(2) Pretty happy,(1) 0 or 1,(4) 17+,0,17
S1278,(2) Pretty happy,(3) 4 or 5,(2) 12,4,12
S1279,(1) Not too happy,(2) 2 or 3,(3) 13-16,2,16
S1280,(3) Very happy,(1) 0 or 1,(3) 13-16,0,16
S1281,(3) Very happy,(1) 0 or 1,(4) 17+,1,17
S1282,(1) Not too happy,(1) 0 or 1,(4) 17+,1,18
S1283,(2) Pretty happy,(2) 2 or 3,(3) 13-16,2,16
S1284,(1) Not too happy,(4) 6 or 7,(1) < 12,7,9
S1285,(1) Not too happy,(3) 4 or 5,(1) < 12,5,9
S1286,(1) Not too happy,(2) 2 or 3,(2) 12,3,12
S1287,(2) Pretty happy,(3) 4 or 5,(2) 12,4,12
S1288,(2) Pretty happy,(1) 0 or 1,(4) 17+,0,18
S1289,(2) Pretty happy,(4) 6 or 7,(2) 12,6,12
S1290,(2) Pretty happy,(1) 0 or 1,(1) < 12,1,9
S1291,(2) Pretty happy,(2) 2 or 3,(2) 12,2,12
S1292,(2) Pretty happy,(1) 0 or 1,(2) 12,1,12
S1293,(2) Pretty happy,(2) 2 or 3,(4) 17+,2,18
S1294,(1) Not too happy,(1) 0 or 1,(1) < 12,1,6
S1295,(1) Not too happy,(3) 4 or 5,(3) 13-16,4,14
S1296,(3) Very happy,(2) 2 or 3,(3) 13-16,2,14
S1297,(1) Not too happy,(2) 2 or 3,(3) 13-16,2,16
S1298,(2) Pretty happy,(1) 0 or 1,(3) 13-16,0,13
S1299,(2) Pretty happy,(2) 2 or 3,(3) 13-16,2,14
S1300,(2) Pretty happy,(2) 2 or 3,(3) 13-16,2,16
S1301,(2) Pretty happy,(1) 0 or 1,(4) 17+,0,20
S1302,(3) Very happy,(2) 2 or 3,(1) < 12,3,9
S1303,(2) Pretty happy,(3) 4 or 5,(4) 17+,4,17
S1304,(2) Pretty happy,(1) 0 or 1,(2) 12,0,12
S1305,(2) Pretty happy,(2) 2 or 3,(3) 13-16,2,16
S1306,(2) Pretty happy,(1) 0 or 1,(1) < 12,0,9
S1307,(2) Pretty happy,(3) 4 or 5,(3) 13-16,4,16
S1308,(1) Not too happy,(1) 0 or 1,(3) 13-16,0,14
S1309,(3) Very happy,(2) 2 or 3,(1) < 12,2,9
S1310,(2) Pretty happy,(2) 2 or 3,(4) 17+,3,18
S1311,(2) Pretty happy,(4) 6 or 7,(1) < 12,6,9
S1312,(2) Pretty happy,(2) 2 or 3,(1) < 12,2,6
S1313,(1) Not too happy,(3) 4 or 5,(1) < 12,4,9
S1314,(2) Pretty happy,(3) 4 or 5,(2) 12,5,12
S1315,(1) Not too happy,(2) 2 or 3,(4) 17+,3,18
S1316,(2) Pretty happy,(2) 2 or 3,(1) < 12,2,10
S1317,(2) Pretty happy,(1) 0 or 1,(4) 17+,1,17
S1318,(3) Very happy,(2) 2 or 3,(1) < 12,2,9
S1319,(2) Pretty happy,(2) 2 or 3,(3) 13-16,2,16
S1320,(2) Pretty happy,(2) 2 or 3,(2) 12,2,12
S1321,(2) Pretty happy,(3) 4 or 5,(1) < 12,5,9
S1322,(1) Not too happy,(1) 0 or 1,(3) 13-16,0,16
S1323,(2) Pretty happy,(3) 4 or 5,(1) < 12,4,9
S1324,(1) Not too happy,(3) 4 or 5,(2) 12,4,12
S1325,(2) Pretty happy,(2) 2 or 3,(3) 13-16,3,16
S1326,(2) Pretty happy,(3) 4 or 5,(4) 17+,4,17
S1327,(2) Pretty happy,(2) 2 or 3,(4) 17+,3,20
S1328,(2) Pretty happy,(3) 4 or 5,(1) < 12,5,9
S1329,(1) Not too happy,(3) 4 or 5,(4) 17+,5,18
S1330,(2) Pretty happy,(2) 2 or 3,(3) 13-16,2,16
S1331,(2) Pretty happy,(5) 8+,(1) < 12,8,9
S1332,(1) Not too happy,(4) 6 or 7,(2) 12,6,12
S1333,(2) Pretty happy,(3) 4 or 5,(4) 17+,4,17
S1334,(2) Pretty happy,(2) 2 or 3,(3) 13-16,3,16
S1335,(1) Not too happy,(3) 4 or 5,(3) 13-16,4,14
S1336,(1) Not too happy,(2) 2 or 3,(3) 13-16,2,16
S1337,(1) Not too happy,(3) 4 or 5,(1) < 12,4,4
S1338,(2) Pretty happy,(2) 2 or 3,(3) 13-16,2,14
S1339,(1) Not too happy,(3) 4 or 5,(2) 12,4,12
S1340,(2) Pretty happy,(1) 0 or 1,(4) 17+,0,18
S1341,(2) Pretty happy,(3) 4 or 5,(3) 13-16,4,16
S1342,(2) Pretty happy,(1) 0 or 1,(3) 13-16,0,16
S1343,(1) Not too happy,(1) 0 or 1,(2) 12,0,12
S1344,(2) Pretty happy,(4) 6 or 7,(1) < 12,7,9
S1345,(1) Not too happy,(3) 4 or 5,(4) 17+,5,18
S1346,(3) Very happy,(2) 2 or 3,(3) 13-16,3,14
S1347,(1) Not too happy,(4) 6 or 7,(4) 17+,7,17
S1348,(2) Pretty happy,(3) 4 or 5,(4) 17+,4,18
S1349,(2) Pretty happy,(3) 4 or 5,(4) 17+,4,18
S1350,(3) Very happy,(4) 6 or 7,(2) 12,7,12
S1351,(3) Very happy,(1) 0 or 1,(3) 13-16,0,14
S1352,(1) Not too happy,(1) 0 or 1,(3) 13-16,0,14
S1353,(1) Not too happy,(3) 4 or 5,(4) 17+,5,17
S1354,(2) Pretty happy,(2) 2 or 3,(2) 12,3,12
S1355,(2) Pretty happy,(3) 4 or 5,(4) 17+,4,18
S1356,(1) Not too happy,(1) 0 or 1,(2) 12,1,12
S1357,(1) Not too happy,(1) 0 or 1,(2) 12,1,12
S1358,(2) Pretty happy,(2) 2 or 3,(4) 17+,3,19
S1359,(2) Pretty happy,(3) 4 or 5,(4) 17+,4,17
S1360,(1) Not too happy,(2) 2 or 3,(2) 12,2,12
S1361,(2) Pretty happy,(5) 8+,(2) 12,9,12
S1362,(2) Pretty happy,(4) 6 or 7,(1) < 12,6,6
S1363,(2) Pretty happy,(1) 0 or 1,(2) 12,0,12
S1364,(2) Pretty happy,(4) 6 or 7,(3) 13-16,6,16
S1365,(2) Pretty happy,(1) 0 or 1,(2) 12,0,12
S1366,(1) Not too happy,(2) 2 or 3,(3) 13-16,2,16
S1367,(3) Very happy,(1) 0 or 1,(4) 17+,0,21
S1368,(2) Pretty happy,(1) 0 or 1,(4) 17+,1,17
S1369,(1) Not too happy,(2) 2 or 3,(4) 17+,2,20
S1370,(1) Not too happy,(3) 4 or 5,(3) 13-16,4,16
S1371,(3) Very happy,(3) 4 or 5,(1) < 12,5,9
S1372,(2) Pretty happy,(2) 2 or 3,(3) 13-16,2,16
S1373,(2) Pretty happy,(2) 2 or 3,(1) < 12,3,6
S1374,(2) Pretty happy,(2) 2 or 3,(3) 13-16,3,16
S1375,(2) Pretty happy,(1) 0 or 1,(3) 13-16,1,16
S1376,(2) Pretty happy,(3) 4 or 5,(4) 17+,4,18
S1377,(1) Not too happy,(1) 0 or 1,(4) 17+,1,20
S1378,(2) Pretty happy,(4) 6 or 7,(2) 12,6,12
S1379,(2) Pretty happy,(4) 6 or 7,(4) 17+,7,20
S1380,(1) Not too happy,(2) 2 or 3,(4) 17+,2,18
S1381,(3) Very happy,(2) 2 or 3,(1) < 12,2,6
S1382,(1) Not too happy,(3) 4 or 5,(3) 13-16,4,16
S1383,(1) Not too happy,(1) 0 or 1,(2) 12,0,12
S1384,(1) Not too happy,(3) 4 or 5,(4) 17+,4,20
S1385,(2) Pretty happy,(3) 4 or 5,(2) 12,4,12
S1386,(3) Very happy,(4) 6 or 7,(4) 17+,6,17
S1387,(2) Pretty happy,(1) 0 or 1,(3) 13-16,1,14
S1388,(2) Pretty happy,(3) 4 or 5,(3) 13-16,4,16
S1389,(1) Not too happy,(2) 2 or 3,(3) 13-16,3,16
S1390,(2) Pretty happy,(2) 2 or 3,(3) 13-16,3,16
S1391,(3) Very happy,(1) 0 or 1,(4) 17+,1,18
S1392,(2) Pretty happy,(3) 4 or 5,(1) < 12,5,9
S1393,(2) Pretty happy,(3) 4 or 5,(2) 12,5,12
S1394,(2) Pretty happy,(1) 0 or 1,(4) 17+,0,20
S1395,(2) Pretty happy,(1) 0 or 1,(3) 13-16,0,13
S1396,(2) Pretty happy,(3) 4 or 5,(1) < 12,4,8
S1397,(2) Pretty happy,(2) 2 or 3,(4) 17+,2,20
S1398,(1) Not too happy,(2) 2 or 3,(1) < 12,2,9
S1399,(1) Not too happy,(3) 4 or 5,(1) < 12,4,11
S1400,(2) Pretty happy,(1) 0 or 1,(4) 17+,1,18
S1401,(1) Not too happy,(2) 2 or 3,(1) < 12,2,9
S1402,(2) Pretty happy,(2) 2 or 3,(1) < 12,2,8
S1403,(2) Pretty happy,(2) 2 or 3,(1) < 12,2,9
S1404,(1) Not too happy,(2) 2 or 3,(3) 13-16,2,16
S1405,(2) Pretty happy,(2) 2 or 3,(4) 17+,2,17
S1406,(1) Not too happy,(2) 2 or 3,(4) 17+,3,20
S1407,(2) Pretty happy,(1) 0 or 1,(4) 17+,0,20
S1408,(2) Pretty happy,(1) 0 or 1,(3) 13-16,0,16
S1409,(3) Very happy,(2) 2 or 3,(1) < 12,2,6
S1410,(1) Not too happy,(1) 0 or 1,(3) 13-16,1,14
S1411,(3) Very happy,(3) 4 or 5,(4) 17+,4,22
S1412,(3) Very happy,(2) 2 or 3,(2) 12,2,12
S1413,(3) Very happy,(2) 2 or 3,(1) < 12,2,6
S1414,(3) Very happy,(1) 0 or 1,(4) 17+,0,17
S1415,(2) Pretty happy,(2) 2 or 3,(3) 13-16,2,16
S1416,(3) Very happy,(2) 2 or 3,(1) < 12,2,8
S1417,(3) Very happy,(2) 2 or 3,(2) 12,2,12
S1418,(2) Pretty happy,(4) 6 or 7,(1) < 12,7,6
S1419,(2) Pretty happy,(4) 6 or 7,(4) 17+,7,18
S1420,(2) Pretty happy,(2) 2 or 3,(3) 13-16,2,16
S1421,(2) Pretty happy,(1) 0 or 1,(3) 13-16,1,16
S1422,(2) Pretty happy,(2) 2 or 3,(1) < 12,3,8
S1423,(1) Not too happy,(1) 0 or 1,(2) 12,0,12
S1424,(3) Very happy,(3) 4 or 5,(2) 12,5,12
S1425,(2) Pretty happy,(2) 2 or 3,(2) 12,3,12
S1426,(1) Not too happy,(3) 4 or 5,(2) 12,4,12
S1427,(3) Very happy,(2) 2 or 3,(1) < 12,2,9
S1428,(1) Not too happy,(2) 2 or 3,(4) 17+,2,17
S1429,(2) Pretty happy,(2) 2 or 3,(3) 13-16,2,16
S1430,(3) Very happy,(3) 4 or 5,(4) 17+,4,20
S1431,(2) Pretty happy,(2) 2 or 3,(1) < 12,3,8
S1432,(2) Pretty happy,(4) 6 or 7,(1) < 12,6,8
S1433,(3) Very happy,(3) 4 or 5,(2) 12,4,12
S1434,(2) Pretty happy,(2) 2 or 3,(1) < 12,2,9
S1435,(1) Not too happy,(2) 2 or 3,(3) 13-16,2,16
S1436,(2) Pretty happy,(1) 0 or 1,(2) 12,1,12
S1437,(2) Pretty happy,(3) 4 or 5,(4) 17+,4,17
S1438,(2) Pretty happy,(2) 2 or 3,(1) < 12,2,6
S1439,(2) Pretty happy,(3) 4 or 5,(4) 17+,4,18
S1440,(2) Pretty happy,(2) 2 or 3,(2) 12,2,12
S1441,(2) Pretty happy,(3) 4 or 5,(1) < 12,5,8
S1442,(1) Not too happy,(3) 4 or 5,(3) 13-16,4,16
S1443,(1) Not too happy,(2) 2 or 3,(1) < 12,2,9
S1444,(2) Pretty happy,(1) 0 or 1,(4) 17+,1,18
S1445,(1) Not too happy,(3) 4 or 5,(4) 17+,4,20
S1446,(2) Pretty happy,(3) 4 or 5,(4) 17+,4,21
S1447,(2) Pretty happy,(4) 6 or 7,(1) < 12,7,8
S1448,(2) Pretty happy,(3) 4 or 5,(3) 13-16,5,16
S1449,(2) Pretty happy,(5) 8+,(1) < 12,8,8
S1450,(1) Not too happy,(3) 4 or 5,(4) 17+,4,20
S1451,(2) Pretty happy,(1) 0 or 1,(1) < 12,0,6
S1452,(1) Not too happy,(1) 0 or 1,(2) 12,0,12
S1453,(3) Very happy,(1) 0 or 1,(2) 12,0,12
S1454,(1) Not too happy,(2) 2 or 3,(3) 13-16,3,16
S1455,(1) Not too happy,(2) 2 or 3,(1) < 12,2,6
S1456,(2) Pretty happy,(4) 6 or 7,(2) 12,6,12
S1457,(3) Very happy,(3) 4 or 5,(1) < 12,4,6
S1458,(2) Pretty happy,(1) 0 or 1,(3) 13-16,1,16
S1459,(1) Not too happy,(2) 2 or 3,(3) 13-16,3,16
S1460,(1) Not too happy,(1) 0 or 1,(2) 12,0,12
S1461,(2) Pretty happy,(2) 2 or 3,(1) < 12,3,6
S1462,(2) Pretty happy,(2) 2 or 3,(2) 12,2,12
S1463,(3) Very happy,(4) 6 or 7,(1) < 12,6,11
S1464,(1) Not too happy,(4) 6 or 7,(1) < 12,6,8
S1465,(2) Pretty happy,(2) 2 or 3,(1) < 12,2,9
S1466,(1) Not too happy,(1) 0 or 1,(3) 13-16,0,16
S1467,(2) Pretty happy,(1) 0 or 1,(3) 13-16,0,14
S1468,(2) Pretty happy,(3) 4 or 5,(2) 12,5,12
S1469,(2) Pretty happy,(1) 0 or 1,(3) 13-16,0,16
S1470,(2) Pretty happy,(3) 4 or 5,(4) 17+,4,22
S1471,(2) Pretty happy,(2) 2 or 3,(1) < 12,3,9
S1472,(2) Pretty happy,(2) 2 or 3,(1) < 12,2,6
S1473,(1) Not too happy,(2) 2 or 3,(1) < 12,2,9
S1474,(2) Pretty happy,(1) 0 or 1,(2) 12,1,12
S1475,(1) Not too happy,(1) 0 or 1,(4) 17+,0,20
S1476,(2) Pretty happy,(2) 2 or 3,(4) 17+,3,20
S1477,(2) Pretty happy,(1) 0 or 1,(3) 13-16,1,14
S1478,(1) Not too happy,(2) 2 or 3,(4) 17+,2,18
S1479,(1) Not too happy,(4) 6 or 7,(1) < 12,6,9
S1480,(2) Pretty happy,(3) 4 or 5,(3) 13-16,5,16
S1481,(3) Very happy,(1) 0 or 1,(1) < 12,0,8
S1482,(2) Pretty happy,(2) 2 or 3,(1) < 12,2,4
S1483,(1) Not too happy,(3) 4 or 5,(3) 13-16,5,14
S1484,(2) Pretty happy,(3) 4 or 5,(3) 13-16,5,16
S1485,(1) Not too happy,(2) 2 or 3,(3) 13-16,2,14
S1486,(2) Pretty happy,(3) 4 or 5,(3) 13-16,4,16
S1487,(1) Not too happy,(4) 6 or 7,(1) < 12,6,9
S1488,(1) Not too happy,(3) 4 or 5,(3) 13-16,4,14
S1489,(2) Pretty happy,(1) 0 or 1,(3) 13-16,1,16
S1490,(2) Pretty happy,(2) 2 or 3,(3) 13-16,2,16
S1491,(1) Not too happy,(4) 6 or 7,(4) 17+,7,20
S1492,(1) Not too happy,(1) 0 or 1,(2) 12,0,12
S1493,(1) Not too happy,(3) 4 or 5,(2) 12,4,12
S1494,(2) Pretty happy,(4) 6 or 7,(3) 13-16,6,16
S1495,(1) Not too happy,(3) 4 or 5,(1) < 12,5,9
S1496,(2) Pretty happy,(3) 4 or 5,(3) 13-16,4,16
S1497,(3) Very happy,(2) 2 or 3,(4) 17+,3,18
S1498,(1) Not too happy,(1) 0 or 1,(3) 13-16,0,16
S1499,(1) Not too happy,(2) 2 or 3,(1) < 12,3,6
S1500,(1) Not too happy,(3) 4 or 5,(3) 13-16,4,16
S1501,(2) Pretty happy,(4) 6 or 7,(2) 12,6,12
S1502,(1) Not too happy,(3) 4 or 5,(2) 12,4,12
S1503,(1) Not too happy,(3) 4 or 5,(2) 12,5,12
S1504,(1) Not too happy,(1) 0 or 1,(3) 13-16,0,16
S1505,(2) Pretty happy,(3) 4 or 5,(4) 17+,4,17
S1506,(2) Pretty happy,(3) 4 or 5,(4) 17+,5,17
S1507,(2) Pretty happy,(1) 0 or 1,(1) < 12,1,6
S1508,(1) Not too happy,(1) 0 or 1,(3) 13-16,0,16
S1509,(1) Not too happy,(1) 0 or 1,(4) 17+,1,18
S1510,(1) Not too happy,(2) 2 or 3,(4) 17+,3,17
S1511,(2) Pretty happy,(4) 6 or 7,(1) < 12,7,3
S1512,(1) Not too happy,(2) 2 or 3,(4) 17+,2,17
S1513,(2) Pretty happy,(1) 0 or 1,(3) 13-16,0,14
S1514,(1) Not too happy,(4) 6 or 7,(4) 17+,6,18
S1515,(3) Very happy,(2) 2 or 3,(3) 13-16,2,16
